At. num	Sp. Name	Ion Charge	El. Name	Isoel. Seq.	Ground Shells (a)	Ground Config.	Ground Level	Ionized Level	Prefix	Ionization Energy (eV)	Suffix	Uncertainty (eV)	
"21"	"Sc I"	"0"	"Scandium"	"Sc"	"[Ar].3d.4s2"	"3d.4s2"	"2D<3/2>"	"3d.4s 3D<1>"	""	"6.56149"	""	"0.00006"	
"21"	"Sc II"	"+1"	"Scandium"	"Ca"	"[Ar].3d.4s"	"3p6.3d.4s"	"3D<1>"	"3d 2D<3/2>"	""	"12.79977"	""	"0.00025"	
"21"	"Sc III"	"+2"	"Scandium"	"K"	"[Ar].3d"	"3p6.3d"	"2D<3/2>"	"3p6 1S<0>"	""	"24.756839"	""	"0.000012"	
"21"	"Sc IV"	"+3"	"Scandium"	"Ar"	"[Ne].3s2.3p6"	"3s2.3p6"	"1S0"	"3p5 2P*<3/2>"	""	"73.4894"	""	"0.0004"	
"21"	"Sc V"	"+4"	"Scandium"	"Cl"	"[Ne].3s2.3p5"	"3s2.3p5"	"2P*<3/2>"	"3p4 3P<2>"	"["	"91.95"	"]"	"0.03"	
"21"	"Sc VI"	"+5"	"Scandium"	"S"	"[Ne].3s2.3p4"	"3s2.3p4"	"3P<2>"	"3p3 4S*<3/2>"	"["	"110.68"	"]"	"0.05"	
"21"	"Sc VII"	"+6"	"Scandium"	"P"	"[Ne].3s2.3p3"	"3s2.3p3"	"4S*<3/2>"	"3p2 3P<0>"	"["	"137.99"	"]"	"0.25"	
"21"	"Sc VIII"	"+7"	"Scandium"	"Si"	"[Ne].3s2.3p2"	"3s2.3p2"	"3P0"	"3p 2P*<1/2>"	"["	"158.08"	"]"	"0.25"	
"21"	"Sc IX"	"+8"	"Scandium"	"Al"	"[Ne].3s2.3p"	"3s2.3p"	"2P*<1/2>"	"3s2 1S<0>"	""	"180.03"	""	"0.12"	
"21"	"Sc X"	"+9"	"Scandium"	"Mg"	"[Ne].3s2"	"2p6.3s2"	"1S0"	"3s 2S<1/2>"	"["	"225.18"	"]"	"0.05"	
"21"	"Sc XI"	"+10"	"Scandium"	"Na"	"[Ne].3s"	"2p6.3s"	"2S<1/2>"	"2p6 1S<0>"	"["	"249.798"	"]"	"0.005"	
"21"	"Sc XII"	"+11"	"Scandium"	"Ne"	"1s2.2s2.2p6"	"2s2.2p6"	"1S0"	"2p5 2P*<3/2>"	""	"687.36"	""	"0.12"	
"21"	"Sc XIII"	"+12"	"Scandium"	"F"	"1s2.2s2.2p5"	"2s2.2p5"	"2P*<3/2>"	"2p4 3P<2>"	"["	"757.7"	"]"	"1.0"	
"21"	"Sc XIV"	"+13"	"Scandium"	"O"	"1s2.2s2.2p4"	"2s2.2p4"	"3P<2>"	"2p3 4S*<3/2>"	"["	"833.2"	"]"	"1.4"	
"21"	"Sc XV"	"+14"	"Scandium"	"N"	"1s2.2s2.2p3"	"2s2.2p3"	"4S*<3/2>"	"2p2 3P<0>"	"["	"926.5"	"]"	"0.7"	
"21"	"Sc XVI"	"+15"	"Scandium"	"C"	"1s2.2s2.2p2"	"2s2.2p2"	"3P0"	"2p 2P*<1/2>"	"["	"1008.6"	"]"	"0.4"	
"21"	"Sc XVII"	"+16"	"Scandium"	"B"	"1s2.2s2.2p"	"2s2.2p"	"2P*<1/2>"	"2s2 1S<0>"	"["	"1093.5"	"]"	"0.4"	
"21"	"Sc XVIII"	"+17"	"Scandium"	"Be"	"1s2.2s2"	"1s2.2s2"	"1S0"	"2s 2S<1/2>"	"["	"1213.1"	"]"	"0.4"	
"21"	"Sc XIX"	"+18"	"Scandium"	"Li"	"1s2.2s"	"1s2.2s"	"2S<1/2>"	"1s2 1S<0>"	"("	"1287.957"	")"	"0.007"	
"21"	"Sc XX"	"+19"	"Scandium"	"He"	"1s2"	"1s2"	"1S0"	"1s 2S<1/2>"	"("	"5674.9036"	")"	"0.0004"	
"21"	"Sc XXI"	"+20"	"Scandium"	"H"	"1s"	"1s"	"2S<1/2>"	""	"("	"6033.75643"	")"	"0.00009"	
"22"	"Ti I"	"0"	"Titanium"	"Ti"	"[Ar].3d2.4s2"	"3d2.4s2"	"3F<2>"	"3d2.4s 4F<3/2>"	""	"6.828120"	""	"0.000012"	
"22"	"Ti II"	"+1"	"Titanium"	"Sc"	"[Ar].3d2.4s"	"3d2.(3F).4s"	"4F<3/2>"	"3d2 3F<2>"	""	"13.5755"	""	"0.0025"	
"22"	"Ti III"	"+2"	"Titanium"	"Ca"	"[Ar].3d2"	"3p6.3d2"	"3F<2>"	"3d 2D<3/2>"	""	"27.49171"	""	"0.00025"	
"22"	"Ti IV"	"+3"	"Titanium"	"K"	"[Ar].3d"	"3p6.3d"	"2D<3/2>"	"3p6 1S<0>"	""	"43.26717"	""	"0.00019"	
"22"	"Ti V"	"+4"	"Titanium"	"Ar"	"[Ne].3s2.3p6"	"3s2.3p6"	"1S0"	"3p5 2P*<3/2>"	""	"99.299"	""	"0.012"	
"22"	"Ti VI"	"+5"	"Titanium"	"Cl"	"[Ne].3s2.3p5"	"3s2.3p5"	"2P*<3/2>"	"3p4 3P<2>"	"["	"119.533"	"]"	"0.025"	
"22"	"Ti VII"	"+6"	"Titanium"	"S"	"[Ne].3s2.3p4"	"3s2.3p4"	"3P<2>"	"3p3 4S*<3/2>"	"["	"140.68"	"]"	"0.18"	
"22"	"Ti VIII"	"+7"	"Titanium"	"P"	"[Ne].3s2.3p3"	"3s2.3p3"	"4S*<3/2>"	"3p2 3P<0>"	"["	"170.5"	"]"	"0.4"	
"22"	"Ti IX"	"+8"	"Titanium"	"Si"	"[Ne].3s2.3p2"	"3s2.3p2"	"3P0"	"3p 2P*<1/2>"	"["	"192.1"	"]"	"0.4"	
"22"	"Ti X"	"+9"	"Titanium"	"Al"	"[Ne].3s2.3p"	"3s2.3p"	"2P*<1/2>"	"3s2 1S<0>"	""	"215.92"	""	"0.12"	
"22"	"Ti XI"	"+10"	"Titanium"	"Mg"	"[Ne].3s2"	"2p6.3s2"	"1S0"	"3s 2S<1/2>"	"["	"265.07"	"]"	"0.06"	
"22"	"Ti XII"	"+11"	"Titanium"	"Na"	"[Ne].3s"	"2p6.3s"	"2S<1/2>"	"2p6 1S<0>"	"["	"291.500"	"]"	"0.005"	
"22"	"Ti XIII"	"+12"	"Titanium"	"Ne"	"1s2.2s2.2p6"	"2s2.2p6"	"1S0"	"2p5 2P*<3/2>"	""	"787.67"	""	"0.04"	
"22"	"Ti XIV"	"+13"	"Titanium"	"F"	"1s2.2s2.2p5"	"2s2.2p5"	"2P*<3/2>"	"2p4 3P<2>"	"["	"864.0"	"]"	"1.2"	
"22"	"Ti XV"	"+14"	"Titanium"	"O"	"1s2.2s2.2p4"	"2s2.2p4"	"3P<2>"	"2p3 4S*<3/2>"	"["	"944.5"	"]"	"1.6"	
"22"	"Ti XVI"	"+15"	"Titanium"	"N"	"1s2.2s2.2p3"	"2s2.2p3"	"4S*<3/2>"	"2p2 3P<0>"	"["	"1042.5"	"]"	"0.8"	
"22"	"Ti XVII"	"+16"	"Titanium"	"C"	"1s2.2s2.2p2"	"2s2.2p2"	"3P0"	"2p 2P*<1/2>"	"["	"1130.2"	"]"	"0.5"	
"22"	"Ti XVIII"	"+17"	"Titanium"	"B"	"1s2.2s2.2p"	"2s2.2p"	"2P*<1/2>"	"2s2 1S<0>"	"["	"1220.3"	"]"	"0.5"	
"22"	"Ti XIX"	"+18"	"Titanium"	"Be"	"1s2.2s2"	"1s2.2s2"	"1S0"	"2s 2S<1/2>"	"["	"1346.3"	"]"	"0.5"	
"22"	"Ti XX"	"+19"	"Titanium"	"Li"	"1s2.2s"	"1s2.2s"	"2S<1/2>"	"1s2 1S<0>"	"("	"1425.257"	")"	"0.007"	
"22"	"Ti XXI"	"+20"	"Titanium"	"He"	"1s2"	"1s2"	"1S0"	"1s 2S<1/2>"	"("	"6249.0226"	")"	"0.0007"	
"22"	"Ti XXII"	"+21"	"Titanium"	"H"	"1s"	"1s"	"2S<1/2>"	""	"("	"6625.81023"	")"	"0.00010"	
"23"	"V I"	"0"	"Vanadium"	"V"	"[Ar].3d3.4s2"	"3d3.4s2"	"4F<3/2>"	"3d4 5D<0>"	""	"6.746187"	""	"0.000021"	
"23"	"V II"	"+1"	"Vanadium"	"Ti"	"[Ar].3d4"	"3d4"	"5D0"	"3d3 4F<3/2>"	""	"14.634"	""	"0.007"	
"23"	"V III"	"+2"	"Vanadium"	"Sc"	"[Ar].3d3"	"3d3"	"4F<3/2>"	"3d2 3F<2>"	""	"29.3111"	""	"0.0025"	
"23"	"V IV"	"+3"	"Vanadium"	"Ca"	"[Ar].3d2"	"3p6.3d2"	"3F<2>"	"3d 2D<3/2>"	""	"46.709"	""	"0.005"	
"23"	"V V"	"+4"	"Vanadium"	"K"	"[Ar].3d"	"3p6.3d"	"2D<3/2>"	"3p6 1S<0>"	""	"65.28165"	""	"0.00017"	
"23"	"V VI"	"+5"	"Vanadium"	"Ar"	"[Ne].3s2.3p6"	"3s2.3p6"	"1S0"	"3p5 2P*<3/2>"	""	"128.125"	""	"0.025"	
"23"	"V VII"	"+6"	"Vanadium"	"Cl"	"[Ne].3s2.3p5"	"3s2.3p5"	"2P*<3/2>"	"3p4 3P<2>"	"["	"150.72"	"]"	"0.13"	
"23"	"V VIII"	"+7"	"Vanadium"	"S"	"[Ne].3s2.3p4"	"3s2.3p4"	"3P<2>"	"3p3 4S*<3/2>"	"["	"173.55"	"]"	"0.21"	
"23"	"V IX"	"+8"	"Vanadium"	"P"	"[Ne].3s2.3p3"	"3s2.3p3"	"4S*<3/2>"	"3p2 3P<0>"	"["	"206.0"	"]"	"0.4"	
"23"	"V X"	"+9"	"Vanadium"	"Si"	"[Ne].3s2.3p2"	"3s2.3p2"	"3P0"	"3p 2P*<1/2>"	"["	"230.5"	"]"	"0.5"	
"23"	"V XI"	"+10"	"Vanadium"	"Al"	"[Ne].3s2.3p"	"3s2.3p"	"2P*<1/2>"	"3s2 1S<0>"	"["	"254.8"	"]"	"0.4"	
"23"	"V XII"	"+11"	"Vanadium"	"Mg"	"[Ne].3s2"	"2p6.3s2"	"1S0"	"3s 2S<1/2>"	"["	"308.5"	"]"	"0.3"	
"23"	"V XIII"	"+12"	"Vanadium"	"Na"	"[Ne].3s"	"2p6.3s"	"2S<1/2>"	"2p6 1S<0>"	"["	"336.274"	"]"	"0.006"	
"23"	"V XIV"	"+13"	"Vanadium"	"Ne"	"1s2.2s2.2p6"	"2s2.2p6"	"1S0"	"2p5 2P*<3/2>"	""	"896.0"	""	"0.4"	
"23"	"V XV"	"+14"	"Vanadium"	"F"	"1s2.2s2.2p5"	"2s2.2p5"	"2P*<3/2>"	"2p4 3P<2>"	"["	"977.2"	"]"	"1.3"	
"23"	"V XVI"	"+15"	"Vanadium"	"O"	"1s2.2s2.2p4"	"2s2.2p4"	"3P<2>"	"2p3 4S*<3/2>"	"["	"1062.9"	"]"	"2.0"	
"23"	"V XVII"	"+16"	"Vanadium"	"N"	"1s2.2s2.2p3"	"2s2.2p3"	"4S*<3/2>"	"2p2 3P<0>"	"["	"1165.2"	"]"	"1.1"	
"23"	"V XVIII"	"+17"	"Vanadium"	"C"	"1s2.2s2.2p2"	"2s2.2p2"	"3P0"	"2p 2P*<1/2>"	"["	"1258.9"	"]"	"0.6"	
"23"	"V XIX"	"+18"	"Vanadium"	"B"	"1s2.2s2.2p"	"2s2.2p"	"2P*<1/2>"	"2s2 1S<0>"	"["	"1354.2"	"]"	"0.5"	
"23"	"V XX"	"+19"	"Vanadium"	"Be"	"1s2.2s2"	"1s2.2s2"	"1S0"	"2s 2S<1/2>"	"["	"1486.7"	"]"	"0.5"	
"23"	"V XXI"	"+20"	"Vanadium"	"Li"	"1s2.2s"	"1s2.2s"	"2S<1/2>"	"1s2 1S<0>"	"("	"1569.656"	")"	"0.007"	
"23"	"V XXII"	"+21"	"Vanadium"	"He"	"1s2"	"1s2"	"1S0"	"1s 2S<1/2>"	"("	"6851.3112"	")"	"0.0008"	
"23"	"V XXIII"	"+22"	"Vanadium"	"H"	"1s"	"1s"	"2S<1/2>"	""	"("	"7246.12624"	")"	"0.00014"	
"24"	"Cr I"	"0"	"Chromium"	"Cr"	"[Ar].3d5.4s"	"3d5.(6S).4s"	"7S<3>"	"3d5 6S<5/2>"	""	"6.76651"	""	"0.00004"	
"24"	"Cr II"	"+1"	"Chromium"	"V"	"[Ar].3d5"	"3d5"	"6S<5/2>"	"3d4 5D<0>"	""	"16.486305"	""	"0.000015"	
"24"	"Cr III"	"+2"	"Chromium"	"Ti"	"[Ar].3d4"	"3d4"	"5D0"	"3d3 4F<3/2>"	""	"30.959"	""	"0.025"	
"24"	"Cr IV"	"+3"	"Chromium"	"Sc"	"[Ar].3d3"	"3d3"	"4F<3/2>"	"3d2 3F<2>"	"["	"49.16"	"]"	"0.05"	
"24"	"Cr V"	"+4"	"Chromium"	"Ca"	"[Ar].3d2"	"3p6.3d2"	"3F<2>"	"3d 2D<3/2>"	"["	"69.46"	"]"	"0.04"	
"24"	"Cr VI"	"+5"	"Chromium"	"K"	"[Ar].3d"	"3p6.3d"	"2D<3/2>"	"3p6 1S<0>"	""	"90.6349"	""	"0.0007"	
"24"	"Cr VII"	"+6"	"Chromium"	"Ar"	"[Ne].3s2.3p6"	"3s2.3p6"	"1S0"	"3p5 2P*<3/2>"	"["	"160.29"	"]"	"0.06"	
"24"	"Cr VIII"	"+7"	"Chromium"	"Cl"	"[Ne].3s2.3p5"	"3s2.3p5"	"2P*<3/2>"	"3p4 3P<2>"	"["	"184.76"	"]"	"0.15"	
"24"	"Cr IX"	"+8"	"Chromium"	"S"	"[Ne].3s2.3p4"	"3s2.3p4"	"3P<2>"	"3p3 4S*<3/2>"	"["	"209.5"	"]"	"0.3"	
"24"	"Cr X"	"+9"	"Chromium"	"P"	"[Ne].3s2.3p3"	"3s2.3p3"	"4S*<3/2>"	"3p2 3P<0>"	"["	"244.5"	"]"	"0.5"	
"24"	"Cr XI"	"+10"	"Chromium"	"Si"	"[Ne].3s2.3p2"	"3s2.3p2"	"3P0"	"3p 2P*<1/2>"	"["	"270.8"	"]"	"0.5"	
"24"	"Cr XII"	"+11"	"Chromium"	"Al"	"[Ne].3s2.3p"	"3s2.3p"	"2P*<1/2>"	"3s2 1S<0>"	"["	"296.7"	"]"	"0.6"	
"24"	"Cr XIII"	"+12"	"Chromium"	"Mg"	"[Ne].3s2"	"2p6.3s2"	"1S0"	"3s 2S<1/2>"	"["	"354.7"	"]"	"0.3"	
"24"	"Cr XIV"	"+13"	"Chromium"	"Na"	"[Ne].3s"	"2p6.3s"	"2S<1/2>"	"2p6 1S<0>"	"["	"384.163"	"]"	"0.006"	
"24"	"Cr XV"	"+14"	"Chromium"	"Ne"	"1s2.2s2.2p6"	"2s2.2p6"	"1S0"	"2p5 2P*<3/2>"	"["	"1011.6"	"]"	"0.5"	
"24"	"Cr XVI"	"+15"	"Chromium"	"F"	"1s2.2s2.2p5"	"2s2.2p5"	"2P*<3/2>"	"2p4 3P<2>"	"["	"1097.2"	"]"	"1.4"	
"24"	"Cr XVII"	"+16"	"Chromium"	"O"	"1s2.2s2.2p4"	"2s2.2p4"	"3P<2>"	"2p3 4S*<3/2>"	"["	"1188.0"	"]"	"2.1"	
"24"	"Cr XVIII"	"+17"	"Chromium"	"N"	"1s2.2s2.2p3"	"2s2.2p3"	"4S*<3/2>"	"2p2 3P<0>"	"["	"1294.8"	"]"	"1.6"	
"24"	"Cr XIX"	"+18"	"Chromium"	"C"	"1s2.2s2.2p2"	"2s2.2p2"	"3P0"	"2p 2P*<1/2>"	"["	"1394.5"	"]"	"0.7"	
"24"	"Cr XX"	"+19"	"Chromium"	"B"	"1s2.2s2.2p"	"2s2.2p"	"2P*<1/2>"	"2s2 1S<0>"	"["	"1495.1"	"]"	"0.7"	
"24"	"Cr XXI"	"+20"	"Chromium"	"Be"	"1s2.2s2"	"1s2.2s2"	"1S0"	"2s 2S<1/2>"	"["	"1634.1"	"]"	"0.5"	
"24"	"Cr XXII"	"+21"	"Chromium"	"Li"	"1s2.2s"	"1s2.2s"	"2S<1/2>"	"1s2 1S<0>"	"("	"1721.183"	")"	"0.007"	
"24"	"Cr XXIII"	"+22"	"Chromium"	"He"	"1s2"	"1s2"	"1S0"	"1s 2S<1/2>"	"("	"7481.8624"	")"	"0.0012"	
"24"	"Cr XXIV"	"+23"	"Chromium"	"H"	"1s"	"1s"	"2S<1/2>"	""	"("	"7894.80289"	")"	"0.00019"	
"25"	"Mn I"	"0"	"Manganese"	"Mn"	"[Ar].3d5.4s2"	"3d5.4s2"	"6S<5/2>"	"3d5.4s 7S<3>"	""	"7.4340380"	""	"0.0000012"	
"25"	"Mn II"	"+1"	"Manganese"	"Cr"	"[Ar].3d5.4s"	"3d5.(6S).4s"	"7S<3>"	"3d5 6S<5/2>"	""	"15.63999"	""	"0.00007"	
"25"	"Mn III"	"+2"	"Manganese"	"V"	"[Ar].3d5"	"3d5"	"6S<5/2>"	"3d4 5D<0>"	""	"33.668"	""	"0.012"	
"25"	"Mn IV"	"+3"	"Manganese"	"Ti"	"[Ar].3d4"	"3d4"	"5D0"	"3d3 4F<3/2>"	"["	"51.21"	"]"	"0.12"	
"25"	"Mn V"	"+4"	"Manganese"	"Sc"	"[Ar].3d3"	"3d3"	"4F<3/2>"	"3d2 3F<2>"	"["	"72.41"	"]"	"0.10"	
"25"	"Mn VI"	"+5"	"Manganese"	"Ca"	"[Ar].3d2"	"3p6.3d2"	"3F<2>"	"3d 2D<3/2>"	""	"95.604"	""	"0.025"	
"25"	"Mn VII"	"+6"	"Manganese"	"K"	"[Ar].3d"	"3p6.3d"	"2D<3/2>"	"3p6 1S<0>"	""	"119.203"	""	"0.012"	
"25"	"Mn VIII"	"+7"	"Manganese"	"Ar"	"[Ne].3s2.3p6"	"3s2.3p6"	"1S0"	"3p5 2P*<3/2>"	"["	"195.5"	"]"	"0.3"	
"25"	"Mn IX"	"+8"	"Manganese"	"Cl"	"[Ne].3s2.3p5"	"3s2.3p5"	"2P*<3/2>"	"3p4 3P<2>"	"["	"221.89"	"]"	"0.17"	
"25"	"Mn X"	"+9"	"Manganese"	"S"	"[Ne].3s2.3p4"	"3s2.3p4"	"3P<2>"	"3p3 4S*<3/2>"	"["	"248.6"	"]"	"0.3"	
"25"	"Mn XI"	"+10"	"Manganese"	"P"	"[Ne].3s2.3p3"	"3s2.3p3"	"4S*<3/2>"	"3p2 3P<0>"	"["	"286.1"	"]"	"0.5"	
"25"	"Mn XII"	"+11"	"Manganese"	"Si"	"[Ne].3s2.3p2"	"3s2.3p2"	"3P0"	"3p 2P*<1/2>"	"["	"314.4"	"]"	"0.6"	
"25"	"Mn XIII"	"+12"	"Manganese"	"Al"	"[Ne].3s2.3p"	"3s2.3p"	"2P*<1/2>"	"3s2 1S<0>"	"["	"343.6"	"]"	"0.7"	
"25"	"Mn XIV"	"+13"	"Manganese"	"Mg"	"[Ne].3s2"	"2p6.3s2"	"1S0"	"3s 2S<1/2>"	"["	"402.95"	"]"	"0.25"	
"25"	"Mn XV"	"+14"	"Manganese"	"Na"	"[Ne].3s"	"2p6.3s"	"2S<1/2>"	"2p6 1S<0>"	"["	"435.172"	"]"	"0.007"	
"25"	"Mn XVI"	"+15"	"Manganese"	"Ne"	"1s2.2s2.2p6"	"2s2.2p6"	"1S0"	"2p5 2P*<3/2>"	"["	"1133.7"	"]"	"0.6"	
"25"	"Mn XVII"	"+16"	"Manganese"	"F"	"1s2.2s2.2p5"	"2s2.2p5"	"2P*<3/2>"	"2p4 3P<2>"	"["	"1224.1"	"]"	"1.5"	
"25"	"Mn XVIII"	"+17"	"Manganese"	"O"	"1s2.2s2.2p4"	"2s2.2p4"	"3P<2>"	"2p3 4S*<3/2>"	"["	"1320.3"	"]"	"2.5"	
"25"	"Mn XIX"	"+18"	"Manganese"	"N"	"1s2.2s2.2p3"	"2s2.2p3"	"4S*<3/2>"	"2p2 3P<0>"	"["	"1430.9"	"]"	"2.2"	
"25"	"Mn XX"	"+19"	"Manganese"	"C"	"1s2.2s2.2p2"	"2s2.2p2"	"3P0"	"2p 2P*<1/2>"	"["	"1537.2"	"]"	"0.8"	
"25"	"Mn XXI"	"+20"	"Manganese"	"B"	"1s2.2s2.2p"	"2s2.2p"	"2P*<1/2>"	"2s2 1S<0>"	"["	"1643.2"	"]"	"0.7"	
"25"	"Mn XXII"	"+21"	"Manganese"	"Be"	"1s2.2s2"	"1s2.2s2"	"1S0"	"2s 2S<1/2>"	"["	"1788.7"	"]"	"0.6"	
"25"	"Mn XXIII"	"+22"	"Manganese"	"Li"	"1s2.2s"	"1s2.2s"	"2S<1/2>"	"1s2 1S<0>"	"("	"1879.873"	")"	"0.007"	
"25"	"Mn XXIV"	"+23"	"Manganese"	"He"	"1s2"	"1s2"	"1S0"	"1s 2S<1/2>"	"("	"8140.7864"	")"	"0.0014"	
"25"	"Mn XXV"	"+24"	"Manganese"	"H"	"1s"	"1s"	"2S<1/2>"	""	"("	"8571.95438"	")"	"0.00022"	
"26"	"Fe I"	"0"	"Iron"	"Fe"	"[Ar].3d6.4s2"	"3d6.4s2"	"5D<4>"	"3d6.4s 6D<9/2>"	""	"7.9024681"	""	"0.0000012"	
"26"	"Fe II"	"+1"	"Iron"	"Mn"	"[Ar].3d6.4s"	"3d6.(5D).4s"	"6D<9/2>"	"3d6 5D<4>"	""	"16.19921"	""	"0.00005"	
"26"	"Fe III"	"+2"	"Iron"	"Cr"	"[Ar].3d6"	"3d6"	"5D<4>"	"3d5 6S<5/2>"	""	"30.651"	""	"0.012"	
"26"	"Fe IV"	"+3"	"Iron"	"V"	"[Ar].3d5"	"3d5"	"6S<5/2>"	"3d4 5D<0>"	""	"54.91"	""	"0.04"	
"26"	"Fe V"	"+4"	"Iron"	"Ti"	"[Ar].3d4"	"3d4"	"5D0"	"3d3 4F<3/2>"	"["	"75.00"	"]"	"0.15"	
"26"	"Fe VI"	"+5"	"Iron"	"Sc"	"[Ar].3d3"	"3d3"	"4F<3/2>"	"3d2 3F<2>"	""	"98.985"	""	"0.015"	
"26"	"Fe VII"	"+6"	"Iron"	"Ca"	"[Ar].3d2"	"3p6.3d2"	"3F<2>"	"3p6.3d 2D<3/2>"	""	"124.9671"	""	"0.0025"	
"26"	"Fe VIII"	"+7"	"Iron"	"K"	"[Ar].3d"	"3p6.3d"	"2D<3/2>"	"3p6 1S<0>"	""	"151.060"	""	"0.012"	
"26"	"Fe IX"	"+8"	"Iron"	"Ar"	"[Ne].3s2.3p6"	"3s2.3p6"	"1S0"	"3p5 2P*<3/2>"	"["	"233.6"	"]"	"0.4"	
"26"	"Fe X"	"+9"	"Iron"	"Cl"	"[Ne].3s2.3p5"	"3s2.3p5"	"2P*<3/2>"	"3p4 3P<2>"	"["	"262.10"	"]"	"0.12"	
"26"	"Fe XI"	"+10"	"Iron"	"S"	"[Ne].3s2.3p4"	"3s2.3p4"	"3P<2>"	"3p3 4S*<3/2>"	"["	"290.9"	"]"	"0.4"	
"26"	"Fe XII"	"+11"	"Iron"	"P"	"[Ne].3s2.3p3"	"3s2.3p3"	"4S*<3/2>"	"3p2 3P<0>"	"["	"330.8"	"]"	"0.6"	
"26"	"Fe XIII"	"+12"	"Iron"	"Si"	"[Ne].3s2.3p2"	"3s2.3p2"	"3P0"	"3p 2P*<1/2>"	"["	"361.0"	"]"	"0.7"	
"26"	"Fe XIV"	"+13"	"Iron"	"Al"	"[Ne].3s2.3p"	"3s2.3p"	"2P*<1/2>"	"3s2 1S<0>"	"["	"392.2"	"]"	"0.7"	
"26"	"Fe XV"	"+14"	"Iron"	"Mg"	"[Ne].3s2"	"2p6.3s2"	"1S0"	"3s 2S<1/2>"	""	"456.2"	""	"0.5"	
"26"	"Fe XVI"	"+15"	"Iron"	"Na"	"[Ne].3s"	"2p6.3s"	"2S<1/2>"	"2p6 1S<0>"	"["	"489.312"	"]"	"0.014"	
"26"	"Fe XVII"	"+16"	"Iron"	"Ne"	"1s2.2s2.2p6"	"2s2.2p6"	"1S0"	"2p5 2P*<3/2>"	"["	"1262.7"	"]"	"0.7"	
"26"	"Fe XVIII"	"+17"	"Iron"	"F"	"1s2.2s2.2p5"	"2s2.2p5"	"2P*<3/2>"	"2p4 3P<2>"	"["	"1357.8"	"]"	"1.9"	
"26"	"Fe XIX"	"+18"	"Iron"	"O"	"1s2.2s2.2p4"	"2s2.2p4"	"3P<2>"	"2p3 4S*<3/2>"	"["	"1460"	"]"	"3"	
"26"	"Fe XX"	"+19"	"Iron"	"N"	"1s2.2s2.2p3"	"2s2.2p3"	"4S*<3/2>"	"2p2 3P<0>"	""	"1575.6"	""	"0.5"	
"26"	"Fe XXI"	"+20"	"Iron"	"C"	"1s2.2s2.2p2"	"2s2.2p2"	"3P0"	"2p 2P*<1/2>"	"["	"1687.0"	"]"	"1.0"	
"26"	"Fe XXII"	"+21"	"Iron"	"B"	"1s2.2s2.2p"	"2s2.2p"	"2P*<1/2>"	"2s2 1S<0>"	"["	"1798.4"	"]"	"0.8"	
"26"	"Fe XXIII"	"+22"	"Iron"	"Be"	"1s2.2s2"	"1s2.2s2"	"1S0"	"2s 2S<1/2>"	"["	"1950.4"	"]"	"1.8"	
"26"	"Fe XXIV"	"+23"	"Iron"	"Li"	"1s2.2s"	"1s2.2s"	"2S<1/2>"	"1s2 1S<0>"	"("	"2045.759"	")"	"0.007"	
"26"	"Fe XXV"	"+24"	"Iron"	"He"	"1s2"	"1s2"	"1S0"	"1s 2S<1/2>"	"("	"8828.1864"	")"	"0.0012"	
"26"	"Fe XXVI"	"+25"	"Iron"	"H"	"1s"	"1s"	"2S<1/2>"	""	"("	"9277.6886"	")"	"0.0003"	
"27"	"Co I"	"0"	"Cobalt"	"Co"	"[Ar].3d7.4s2"	"3p6.3d7.4s2"	"4F<9/2>"	"3d8 3F<4>"	""	"7.88101"	""	"0.00012"	
"27"	"Co II"	"+1"	"Cobalt"	"Fe"	"[Ar].3d8"	"3d8"	"3F<4>"	"3d7 4F<9/2>"	""	"17.0844"	""	"0.0012"	
"27"	"Co III"	"+2"	"Cobalt"	"Mn"	"[Ar].3d7"	"3d7"	"4F<9/2>"	"3d6 5D<4>"	"["	"33.50"	"]"	"0.06"	
"27"	"Co IV"	"+3"	"Cobalt"	"Cr"	"[Ar].3d6"	"3d6"	"5D<4>"	"3d5 6S<5/2>"	"["	"51.27"	"]"	"0.10"	
"27"	"Co V"	"+4"	"Cobalt"	"V"	"[Ar].3d5"	"3d5"	"6S<5/2>"	"3d4 5D<0>"	"["	"79.50"	"]"	"0.20"	
"27"	"Co VI"	"+5"	"Cobalt"	"Ti"	"[Ar].3d4"	"3d4"	"5D0"	"3d3 4F<3/2>"	"["	"102.00"	"]"	"0.20"	
"27"	"Co VII"	"+6"	"Cobalt"	"Sc"	"[Ar].3d3"	"3d3"	"4F<3/2>"	"3d2 3F<2>"	"["	"128.9"	"]"	"0.5"	
"27"	"Co VIII"	"+7"	"Cobalt"	"Ca"	"[Ar].3d2"	"3p6.3d2"	"3F<2>"	"3d 2D<3/2>"	"["	"157.8"	"]"	"0.6"	
"27"	"Co IX"	"+8"	"Cobalt"	"K"	"[Ar].3d"	"3p6.3d"	"2D<3/2>"	"3p6 1S<0>"	""	"186.14"	""	"0.25"	
"27"	"Co X"	"+9"	"Cobalt"	"Ar"	"[Ne].3s2.3p6"	"3s2.3p6"	"1S0"	"3p5 2P*<3/2>"	"["	"275.4"	"]"	"0.4"	
"27"	"Co XI"	"+10"	"Cobalt"	"Cl"	"[Ne].3s2.3p5"	"3s2.3p5"	"2P*<3/2>"	"3p4 3P<2>"	"["	"305.32"	"]"	"0.23"	
"27"	"Co XII"	"+11"	"Cobalt"	"S"	"[Ne].3s2.3p4"	"3s2.3p4"	"3P<2>"	"3p3 4S*<3/2>"	"["	"336.1"	"]"	"0.4"	
"27"	"Co XIII"	"+12"	"Cobalt"	"P"	"[Ne].3s2.3p3"	"3s2.3p3"	"4S*<3/2>"	"3p2 3P<0>"	"["	"378.5"	"]"	"0.7"	
"27"	"Co XIV"	"+13"	"Cobalt"	"Si"	"[Ne].3s2.3p2"	"3s2.3p2"	"3P0"	"3p 2P*<1/2>"	"["	"410.0"	"]"	"1.0"	
"27"	"Co XV"	"+14"	"Cobalt"	"Al"	"[Ne].3s2.3p"	"3s2.3p"	"2P*<1/2>"	"3s2 1S<0>"	"["	"441.1"	"]"	"1.4"	
"27"	"Co XVI"	"+15"	"Cobalt"	"Mg"	"[Ne].3s2"	"2p6.3s2"	"1S0"	"3s 2S<1/2>"	"["	"511.96"	"]"	"0.06"	
"27"	"Co XVII"	"+16"	"Cobalt"	"Na"	"[Ne].3s"	"2p6.3s"	"2S<1/2>"	"2p6 1S<0>"	"["	"546.588"	"]"	"0.015"	
"27"	"Co XVIII"	"+17"	"Cobalt"	"Ne"	"1s2.2s2.2p6"	"2s2.2p6"	"1S0"	"2p5 2P*<3/2>"	""	"1397.2"	""	"0.5"	
"27"	"Co XIX"	"+18"	"Cobalt"	"F"	"1s2.2s2.2p5"	"2s2.2p5"	"2P*<3/2>"	"2p4 3P<2>"	""	"1504.5"	""	"1.2"	
"27"	"Co XX"	"+19"	"Cobalt"	"O"	"1s2.2s2.2p4"	"2s2.2p4"	"3P<2>"	"2p3 4S*<3/2>"	"["	"1606"	"]"	"4"	
"27"	"Co XXI"	"+20"	"Cobalt"	"N"	"1s2.2s2.2p3"	"2s2.2p3"	"4S*<3/2>"	"2p2 3P<0>"	"["	"1724"	"]"	"3"	
"27"	"Co XXII"	"+21"	"Cobalt"	"C"	"1s2.2s2.2p2"	"2s2.2p2"	"3P0"	"2p 2P*<1/2>"	"["	"1844.0"	"]"	"1.1"	
"27"	"Co XXIII"	"+22"	"Cobalt"	"B"	"1s2.2s2.2p"	"2s2.2p"	"2P*<1/2>"	"2s2 1S<0>"	"["	"1960.8"	"]"	"0.8"	
"27"	"Co XXIV"	"+23"	"Cobalt"	"Be"	"1s2.2s2"	"1s2.2s2"	"1S0"	"2s 2S<1/2>"	"["	"2119.4"	"]"	"1.9"	
"27"	"Co XXV"	"+24"	"Cobalt"	"Li"	"1s2.2s"	"1s2.2s"	"2S<1/2>"	"1s2 1S<0>"	"("	"2218.876"	")"	"0.007"	
"27"	"Co XXVI"	"+25"	"Cobalt"	"He"	"1s2"	"1s2"	"1S0"	"1s 2S<1/2>"	"("	"9544.1817"	")"	"0.0010"	
"27"	"Co XXVII"	"+26"	"Cobalt"	"H"	"1s"	"1s"	"2S<1/2>"	""	"("	"10012.1297"	")"	"0.0004"	
"28"	"Ni I"	"0"	"Nickel"	"Ni"	"[Ar].3d8.4s2"	"3d8.(3F).4s2"	"3F<4>"	"3d9 2D<5/2>"	""	"7.639878"	""	"0.000017"	
"28"	"Ni II"	"+1"	"Nickel"	"Co"	"[Ar].3d9"	"3p6.3d9"	"2D<5/2>"	"3d8 3F<4>"	""	"18.168838"	""	"0.000025"	
"28"	"Ni III"	"+2"	"Nickel"	"Fe"	"[Ar].3d8"	"3p6.3d8"	"3F<4>"	"3d7 4F<9/2>"	""	"35.187"	""	"0.019"	
"28"	"Ni IV"	"+3"	"Nickel"	"Mn"	"[Ar].3d7"	"3p6.3d7"	"4F<9/2>"	"3d6 5D<4>"	"["	"54.92"	"]"	"0.25"	
"28"	"Ni V"	"+4"	"Nickel"	"Cr"	"[Ar].3d6"	"3d6"	"5D<4>"	"3d6 6S<5/2>"	"["	"76.06"	"]"	"0.06"	
"28"	"Ni VI"	"+5"	"Nickel"	"V"	"[Ar].3d5"	"3d5"	"6S<5/2>"	"3d4 5D<0>"	"["	"108.0"	"]"	"1.0"	
"28"	"Ni VII"	"+6"	"Nickel"	"Ti"	"[Ar].3d4"	"3d4"	"5D0"	"3d3 4F<3/2>"	"("	"132.0"	")"	"2.0"	
"28"	"Ni VIII"	"+7"	"Nickel"	"Sc"	"[Ar].3d3"	"3d3"	"4F<3/2>"	"3d2 3F<2>"	"("	"162.0"	")"	"2.1"	
"28"	"Ni IX"	"+8"	"Nickel"	"Ca"	"[Ar].3d2"	"3p6.3d2"	"3F<2>"	"3d 2D<3/2>"	"["	"193.2"	"]"	"0.5"	
"28"	"Ni X"	"+9"	"Nickel"	"K"	"[Ar].3d"	"3p6.3d"	"2D<3/2>"	"3p6 1S<0>"	"["	"224.7"	"]"	"0.5"	
"28"	"Ni XI"	"+10"	"Nickel"	"Ar"	"[Ne].3s2.3p6"	"3s2.3p6"	"1S0"	"3p5 2P*<3/2>"	"["	"319.5"	"]"	"0.7"	
"28"	"Ni XII"	"+11"	"Nickel"	"Cl"	"[Ne].3s2.3p5"	"3s2.3p5"	"2P*<3/2>"	"3p4 3P<2>"	"["	"351.6"	"]"	"0.3"	
"28"	"Ni XIII"	"+12"	"Nickel"	"S"	"[Ne].3s2.3p4"	"3s2.3p4"	"3P<2>"	"3p3 4S*<3/2>"	"["	"384.5"	"]"	"0.5"	
"28"	"Ni XIV"	"+13"	"Nickel"	"P"	"[Ne].3s2.3p3"	"3s2.3p3"	"4S*<3/2>"	"3p2 3P<0>"	"["	"429.3"	"]"	"0.8"	
"28"	"Ni XV"	"+14"	"Nickel"	"Si"	"[Ne].3s2.3p2"	"3s2.3p2"	"3P0"	"3p 2P*<1/2>"	"["	"462.8"	"]"	"1.1"	
"28"	"Ni XVI"	"+15"	"Nickel"	"Al"	"[Ne].3s2.3p"	"3s2.3p"	"2P*<1/2>"	"3s2 1S<0>"	"["	"495.4"	"]"	"1.7"	
"28"	"Ni XVII"	"+16"	"Nickel"	"Mg"	"[Ne].3s2"	"2p6.3s2"	"1S0"	"3s 2S<1/2>"	"["	"571.07"	"]"	"0.12"	
"28"	"Ni XVIII"	"+17"	"Nickel"	"Na"	"[Ne].3s"	"2p6.3s"	"2S<1/2>"	"2p6 1S<0>"	"["	"607.020"	"]"	"0.019"	
"28"	"Ni XIX"	"+18"	"Nickel"	"Ne"	"1s2.2s2.2p6"	"2s2.2p6"	"1S0"	"2p5 2P*<3/2>"	""	"1540.1"	""	"0.5"	
"28"	"Ni XX"	"+19"	"Nickel"	"F"	"1s2.2s2.2p5"	"2s2.2p5"	"2P*<3/2>"	"2p4 3P<2>"	"["	"1646"	"]"	"3"	
"28"	"Ni XXI"	"+20"	"Nickel"	"O"	"1s2.2s2.2p4"	"2s2.2p4"	"3P<2>"	"2p3 4S*<3/2>"	"["	"1758"	"]"	"4"	
"28"	"Ni XXII"	"+21"	"Nickel"	"N"	"1s2.2s2.2p3"	"2s2.2p3"	"4S*<3/2>"	"2p2 3P<0>"	"["	"1880"	"]"	"5"	
"28"	"Ni XXIII"	"+22"	"Nickel"	"C"	"1s2.2s2.2p2"	"2s2.2p2"	"3P0"	"2p 2P*<1/2>"	"["	"2008.1"	"]"	"1.3"	
"28"	"Ni XXIV"	"+23"	"Nickel"	"B"	"1s2.2s2.2p"	"2s2.2p"	"2P*<1/2>"	"2s2 1S<0>"	"["	"2130.5"	"]"	"0.9"	
"28"	"Ni XXV"	"+24"	"Nickel"	"Be"	"1s2.2s2"	"1s2.2s2"	"1S0"	"2s 2S<1/2>"	"["	"2295.6"	"]"	"2.1"	
"28"	"Ni XXVI"	"+25"	"Nickel"	"Li"	"1s2.2s"	"1s2.2s"	"2S<1/2>"	"1s2 1S<0>"	"("	"2399.259"	")"	"0.007"	
"28"	"Ni XXVII"	"+26"	"Nickel"	"He"	"1s2"	"1s2"	"1S0"	"1s 2S<1/2>"	"("	"10288.8848"	")"	"0.0010"	
"28"	"Ni XXVIII"	"+27"	"Nickel"	"H"	"1s"	"1s"	"2S<1/2>"	""	"("	"10775.3948"	")"	"0.0004"	
"29"	"Cu I"	"0"	"Copper"	"Cu"	"[Ar].3d10.4s"	"3d10.4s"	"2S<1/2>"	"3d10 1S<0>"	""	"7.726380"	""	"0.000004"	
"29"	"Cu II"	"+1"	"Copper"	"Ni"	"[Ar].3d10"	"3d10"	"1S0"	"3d9 2D<5/2>"	""	"20.29239"	""	"0.00006"	
"29"	"Cu III"	"+2"	"Copper"	"Co"	"[Ar].3d9"	"3p6.3d9"	"2D<5/2>"	"3d8 3F<4>"	""	"36.841"	""	"0.012"	
"29"	"Cu IV"	"+3"	"Copper"	"Fe"	"[Ar].3d8"	"3p6.3d8"	"3F<4>"	"3d7 4F<9/2>"	"["	"57.38"	"]"	"0.05"	
"29"	"Cu V"	"+4"	"Copper"	"Mn"	"[Ar].3d7"	"3p6.3d7"	"4F<9/2>"	"3d6 5D<4>"	"["	"79.8"	"]"	"0.7"	
"29"	"Cu VI"	"+5"	"Copper"	"Cr"	"[Ar].3d6"	"3d6"	"5D<4>"	"3d5 6S<5/2>"	"["	"103.0"	"]"	"1.0"	
"29"	"Cu VII"	"+6"	"Copper"	"V"	"[Ar].3d5"	"3d5"	"6S<5/2>"	"3d4 5D<0>"	"["	"139.0"	"]"	"1.2"	
"29"	"Cu VIII"	"+7"	"Copper"	"Ti"	"[Ar].3d4"	"3d4"	"5D0"	"3d3 4F<3/2>"	"("	"166.0"	")"	"2.1"	
"29"	"Cu IX"	"+8"	"Copper"	"Sc"	"[Ar].3d3"	"3d3"	"4F<3/2>"	"3d2 3F<2>"	"("	"198.0"	")"	"2.2"	
"29"	"Cu X"	"+9"	"Copper"	"Ca"	"[Ar].3d2"	"3p6.3d2"	"3F<2>"	"3d 2D<3/2>"	"["	"232.2"	"]"	"0.5"	
"29"	"Cu XI"	"+10"	"Copper"	"K"	"[Ar].3d"	"3p6.3d"	"2D<3/2>"	"3p6 1S<0>"	""	"265.33"	""	"0.25"	
"29"	"Cu XII"	"+11"	"Copper"	"Ar"	"[Ne].3s2.3p6"	"3s2.3p6"	"1S0"	"3p5 2P*<3/2>"	"["	"367.0"	"]"	"0.9"	
"29"	"Cu XIII"	"+12"	"Copper"	"Cl"	"[Ne].3s2.3p5"	"3s2.3p5"	"2P*<3/2>"	"3p4 3P<2>"	"["	"401.0"	"]"	"0.3"	
"29"	"Cu XIV"	"+13"	"Copper"	"S"	"[Ne].3s2.3p4"	"3s2.3p4"	"3P<2>"	"3p3 4S*<3/2>"	"["	"436.0"	"]"	"0.6"	
"29"	"Cu XV"	"+14"	"Copper"	"P"	"[Ne].3s2.3p3"	"3s2.3p3"	"4S*<3/2>"	"3p2 3P<0>"	"["	"483.1"	"]"	"0.9"	
"29"	"Cu XVI"	"+15"	"Copper"	"Si"	"[Ne].3s2.3p2"	"3s2.3p2"	"3P0"	"3p 2P*<1/2>"	"["	"518.7"	"]"	"1.2"	
"29"	"Cu XVII"	"+16"	"Copper"	"Al"	"[Ne].3s2.3p"	"3s2.3p"	"2P*<1/2>"	"3s2 1S<0>"	"["	"552.8"	"]"	"2.1"	
"29"	"Cu XVIII"	"+17"	"Copper"	"Mg"	"[Ne].3s2"	"2p6.3s2"	"1S0"	"3s 2S<1/2>"	"["	"632.5"	"]"	"0.6"	
"29"	"Cu XIX"	"+18"	"Copper"	"Na"	"[Ne].3s"	"2p6.3s"	"2S<1/2>"	"2p6 1S<0>"	"["	"670.608"	"]"	"0.020"	
"29"	"Cu XX"	"+19"	"Copper"	"Ne"	"1s2.2s2.2p6"	"2s2.2p6"	"1S0"	"2p5 2P*<3/2>"	"["	"1690.5"	"]"	"0.9"	
"29"	"Cu XXI"	"+20"	"Copper"	"F"	"1s2.2s2.2p5"	"2s2.2p5"	"2P*<3/2>"	"2p4 3P<2>"	"["	"1800"	"]"	"3"	
"29"	"Cu XXII"	"+21"	"Copper"	"O"	"1s2.2s2.2p4"	"2s2.2p4"	"3P<2>"	"2p3 4S*<3/2>"	"["	"1918"	"]"	"4"	
"29"	"Cu XXIII"	"+22"	"Copper"	"N"	"1s2.2s2.2p3"	"2s2.2p3"	"4S*<3/2>"	"2p2 3P<0>"	"["	"2044"	"]"	"6"	
"29"	"Cu XXIV"	"+23"	"Copper"	"C"	"1s2.2s2.2p2"	"2s2.2p2"	"3P0"	"2p 2P*<1/2>"	"["	"2179.4"	"]"	"1.5"	
"29"	"Cu XXV"	"+24"	"Copper"	"B"	"1s2.2s2.2p"	"2s2.2p"	"2P*<1/2>"	"2s2 1S<0>"	"["	"2307.3"	"]"	"1.0"	
"29"	"Cu XXVI"	"+25"	"Copper"	"Be"	"1s2.2s2"	"1s2.2s2"	"1S0"	"2s 2S<1/2>"	"["	"2479.1"	"]"	"2.2"	
"29"	"Cu XXVII"	"+26"	"Copper"	"Li"	"1s2.2s"	"1s2.2s"	"2S<1/2>"	"1s2 1S<0>"	"("	"2586.954"	")"	"0.007"	
"29"	"Cu XXVIII"	"+27"	"Copper"	"He"	"1s2"	"1s2"	"1S0"	"1s 2S<1/2>"	"("	"11062.4309"	")"	"0.0011"	
"29"	"Cu XXIX"	"+28"	"Copper"	"H"	"1s"	"1s"	"2S<1/2>"	""	"("	"11567.6237"	")"	"0.0005"	
"30"	"Zn I"	"0"	"Zinc"	"Zn"	"[Ar].3d10.4s2"	"3d10.4s2"	"1S0"	"4s 2S<1/2>"	""	"9.394197"	""	"0.000006"	
"30"	"Zn II"	"+1"	"Zinc"	"Cu"	"[Ar].3d10.4s"	"3d10.4s"	"2S<1/2>"	"3d10 1S<0>"	""	"17.96439"	""	"0.00025"	
"30"	"Zn III"	"+2"	"Zinc"	"Ni"	"[Ar].3d10"	"3d10"	"1S0"	"3d9 2D<5/2>"	""	"39.72330"	""	"0.00012"	
"30"	"Zn IV"	"+3"	"Zinc"	"Co"	"[Ar].3d9"	"3p6.3d9"	"2D<5/2>"	"3d8 3F<4>"	""	"59.573"	""	"0.019"	
"30"	"Zn V"	"+4"	"Zinc"	"Fe"	"[Ar].3d8"	"3p6.3d8"	"3F<4>"	"3d7 4F<9/2>"	"["	"82.6"	"]"	"0.9"	
"30"	"Zn VI"	"+5"	"Zinc"	"Mn"	"[Ar].3d7"	"3p6.3d7"	"4F<9/2>"	"3d6 5D<4>"	"["	"108.0"	"]"	"1.0"	
"30"	"Zn VII"	"+6"	"Zinc"	"Cr"	"[Ar].3d6"	"3d6"	"5D<4>"	"3d5 6S<5/2>"	"["	"133.9"	"]"	"1.2"	
"30"	"Zn VIII"	"+7"	"Zinc"	"V"	"[Ar].3d5"	"3d5"	"6S<5/2>"	"3d4 5D<0>"	"["	"173.9"	"]"	"1.7"	
"30"	"Zn IX"	"+8"	"Zinc"	"Ti"	"[Ar].3d4"	"3d4"	"5D0"	"3d3 4F<3/2>"	"["	"203.0"	"]"	"2.0"	
"30"	"Zn X"	"+9"	"Zinc"	"Sc"	"[Ar].3d3"	"3d3"	"4F<3/2>"	"3d2 3F<2>"	"("	"238.0"	")"	"2.2"	
"30"	"Zn XI"	"+10"	"Zinc"	"Ca"	"[Ar].3d2"	"3p6.3d2"	"3F<2>"	"3d 2D<3/2>"	"["	"274.4"	"]"	"0.5"	
"30"	"Zn XII"	"+11"	"Zinc"	"K"	"[Ar].3d"	"3p6.3d"	"2D<3/2>"	"3p6 1S<0>"	"["	"310.8"	"]"	"1.0"	
"30"	"Zn XIII"	"+12"	"Zinc"	"Ar"	"[Ne].3s2.3p6"	"3s2.3p6"	"1S0"	"3p5 2P*<3/2>"	"["	"417.6"	"]"	"1.2"	
"30"	"Zn XIV"	"+13"	"Zinc"	"Cl"	"[Ne].3s2.3p5"	"3s2.3p5"	"2P*<3/2>"	"3p4 3P<2>"	"["	"453.4"	"]"	"0.3"	
"30"	"Zn XV"	"+14"	"Zinc"	"S"	"[Ne].3s2.3p4"	"3s2.3p4"	"3P<2>"	"3p3 4S*<3/2>"	"["	"490.6"	"]"	"0.6"	
"30"	"Zn XVI"	"+15"	"Zinc"	"P"	"[Ne].3s2.3p3"	"3s2.3p3"	"4S*<3/2>"	"3p2 3P<0>"	"["	"540.0"	"]"	"1.0"	
"30"	"Zn XVII"	"+16"	"Zinc"	"Si"	"[Ne].3s2.3p2"	"3s2.3p2"	"3P0"	"3p 2P*<1/2>"	"["	"577.8"	"]"	"1.3"	
"30"	"Zn XVIII"	"+17"	"Zinc"	"Al"	"[Ne].3s2.3p"	"3s2.3p"	"2P*<1/2>"	"3s2 1S<0>"	"["	"613.3"	"]"	"2.4"	
"30"	"Zn XIX"	"+18"	"Zinc"	"Mg"	"[Ne].3s2"	"2p6.3s2"	"1S0"	"3s 2S<1/2>"	"["	"697.5"	"]"	"0.7"	
"30"	"Zn XX"	"+19"	"Zinc"	"Na"	"[Ne].3s"	"2p6.3s"	"2S<1/2>"	"2p6 1S<0>"	"["	"737.366"	"]"	"0.021"	
"30"	"Zn XXI"	"+20"	"Zinc"	"Ne"	"1s2.2s2.2p6"	"2s2.2p6"	"1S0"	"2p5 2P*<3/2>"	"["	"1846.8"	"]"	"1.0"	
"30"	"Zn XXII"	"+21"	"Zinc"	"F"	"1s2.2s2.2p5"	"2s2.2p5"	"2P*<3/2>"	"2p4 3P<2>"	"["	"1961"	"]"	"3"	
"30"	"Zn XXIII"	"+22"	"Zinc"	"O"	"1s2.2s2.2p4"	"2s2.2p4"	"3P<2>"	"2p3 4S*<3/2>"	"["	"2085"	"]"	"5"	
"30"	"Zn XXIV"	"+23"	"Zinc"	"N"	"1s2.2s2.2p3"	"2s2.2p3"	"4S*<3/2>"	"2p2 3P<0>"	"["	"2214"	"]"	"8"	
"30"	"Zn XXV"	"+24"	"Zinc"	"C"	"1s2.2s2.2p2"	"2s2.2p2"	"3P0"	"2p 2P*<1/2>"	"["	"2358.0"	"]"	"1.6"	
"30"	"Zn XXVI"	"+25"	"Zinc"	"B"	"1s2.2s2.2p"	"2p"	"2P*<1/2>"	"2s2 1S<0>"	"["	"2491.5"	"]"	"1.1"	
"30"	"Zn XXVII"	"+26"	"Zinc"	"Be"	"1s2.2s2"	"1s2.2s2"	"1S0"	"2s 2S<1/2>"	"["	"2669.9"	"]"	"2.5"	
"30"	"Zn XXVIII"	"+27"	"Zinc"	"Li"	"1s2.2s"	"1s2.2s"	"2S<1/2>"	"1s2 1S<0>"	"("	"2781.996"	")"	"0.007"	
"30"	"Zn XXIX"	"+28"	"Zinc"	"He"	"1s2"	"1s2"	"1S0"	"1s 2S<1/2>"	"("	"11864.9401"	")"	"0.0014"	
"30"	"Zn XXX"	"+29"	"Zinc"	"H"	"1s"	"1s"	"2S<1/2>"	""	"("	"12388.9427"	")"	"0.0006"	
Notes:
(a) Designations used in the ground shell lists:
     [Ne] = 1s2.2s2.2p6
     [Ar] = 1s2.2s2.2p6.3s2.3p6

