At. num	Sp. Name	Ion Charge	El. Name	Isoel. Seq.	Ground Shells (a)	Ground Level	Prefix	Ionization Energy (eV)	Suffix	Uncertainty (b) (eV)	References	
"1"	"H I"	"0"	"Hydrogen"	"H"	"1s"	"2S<1/2>"	"("	"13.598434599702"	")"	"0.000000000012"	"HDEL"	
"2"	"He I"	"0"	"Helium"	"He"	"1s2"	"1S0"	""	"24.587389011"	""	"0.000000025"	"L17714"	
"2"	"He II"	"+1"	"Helium"	"H"	"1s"	"2S<1/2>"	"("	"54.4177655282"	")"	"0.0000000010"	"L19200"	
"3"	"Li I"	"0"	"Lithium"	"Li"	"1s2.2s"	"2S<1/2>"	""	"5.391714996"	""	"0.000000022"	"L12261"	
"3"	"Li II"	"+1"	"Lithium"	"He"	"1s2"	"1S0"	"("	"75.6400970"	")"	"0.0000012"	"L10054"	
"3"	"Li III"	"+2"	"Lithium"	"H"	"1s"	"2S<1/2>"	"("	"122.45435913"	")"	"0.00000011"	"L19200"	
"4"	"Be I"	"0"	"Beryllium"	"Be"	"1s2.2s2"	"1S0"	""	"9.322699"	""	"0.000007"	"L5964"	
"4"	"Be II"	"+1"	"Beryllium"	"Li"	"1s2.2s"	"2S<1/2>"	""	"18.21115"	""	"0.00004"	"L12158"	
"4"	"Be III"	"+2"	"Beryllium"	"He"	"1s2"	"1S0"	"("	"153.896205"	")"	"0.000004"	"L10054"	
"4"	"Be IV"	"+3"	"Beryllium"	"H"	"1s"	"2S<1/2>"	"("	"217.71858459"	")"	"0.00000010"	"L19200"	
"5"	"B I"	"0"	"Boron"	"B"	"1s2.2s2.2p"	"2P*<1/2>"	""	"8.298019"	""	"0.000003"	"L12312"	
"5"	"B II"	"+1"	"Boron"	"Be"	"1s2.2s2"	"1S0"	""	"25.15483"	""	"0.00005"	"L12120"	
"5"	"B III"	"+2"	"Boron"	"Li"	"1s2.2s"	"2S<1/2>"	""	"37.93059"	""	"0.00007"	"L12547"	
"5"	"B IV"	"+3"	"Boron"	"He"	"1s2"	"1S0"	"("	"259.374379"	")"	"0.000009"	"L10054"	
"5"	"B V"	"+4"	"Boron"	"H"	"1s"	"2S<1/2>"	"("	"340.2260225"	")"	"0.0000006"	"L19200"	
"6"	"C I"	"0"	"Carbon"	"C"	"1s2.2s2.2p2"	"3P0"	""	"11.2602880"	""	"0.0000011"	"L20057"	
"6"	"C II"	"+1"	"Carbon"	"B"	"1s2.2s2.2p"	"2P*<1/2>"	""	"24.383143"	""	"0.000012"	"L22145"	
"6"	"C III"	"+2"	"Carbon"	"Be"	"1s2.2s2"	"1S0"	""	"47.88778"	""	"0.00025"	"L876c191"	
"6"	"C IV"	"+3"	"Carbon"	"Li"	"1s2.2s"	"2S<1/2>"	""	"64.49352"	""	"0.00019"	"L11667"	
"6"	"C V"	"+4"	"Carbon"	"He"	"1s2"	"1S0"	"("	"392.09056"	")"	"0.00004"	"L21139"	
"6"	"C VI"	"+5"	"Carbon"	"H"	"1s"	"2S<1/2>"	"("	"489.99320779"	")"	"0.00000022"	"L19200"	
"7"	"N I"	"0"	"Nitrogen"	"N"	"1s2.2s2.2p3"	"4S*<3/2>"	""	"14.53413"	""	"0.00004"	"L1411"	
"7"	"N II"	"+1"	"Nitrogen"	"C"	"1s2.2s2.2p2"	"3P0"	"["	"29.60125"	"]"	"0.00009"	"L11770"	
"7"	"N III"	"+2"	"Nitrogen"	"B"	"1s2.2s2.2p"	"2P*<1/2>"	"["	"47.4453"	"]"	"0.0025"	"L11770"	
"7"	"N IV"	"+3"	"Nitrogen"	"Be"	"1s2.2s2"	"1S0"	""	"77.4735"	""	"0.0004"	"L7288,L876"	
"7"	"N V"	"+4"	"Nitrogen"	"Li"	"1s2.2s"	"2S<1/2>"	""	"97.8901"	""	"0.0004"	"L4829"	
"7"	"N VI"	"+5"	"Nitrogen"	"He"	"1s2"	"1S0"	"("	"552.06741"	")"	"0.00008"	"L21139"	
"7"	"N VII"	"+6"	"Nitrogen"	"H"	"1s"	"2S<1/2>"	"("	"667.0461377"	")"	"0.0000007"	"L19200"	
"8"	"O I"	"0"	"Oxygen"	"O"	"1s2.2s2.2p4"	"3P<2>"	""	"13.618055"	""	"0.000007"	"L74,L3760"	
"8"	"O II"	"+1"	"Oxygen"	"N"	"1s2.2s2.2p3"	"4S*<3/2>"	""	"35.12112"	""	"0.00006"	"L11267,L10621"	
"8"	"O III"	"+2"	"Oxygen"	"C"	"1s2.2s2.2p2"	"3P0"	"["	"54.93554"	"]"	"0.00012"	"L11770"	
"8"	"O IV"	"+3"	"Oxygen"	"B"	"1s2.2s2.2p"	"2P*<1/2>"	""	"77.41350"	""	"0.00025"	"L648"	
"8"	"O V"	"+4"	"Oxygen"	"Be"	"1s2.2s2"	"1S0"	""	"113.8990"	""	"0.0005"	"L7288"	
"8"	"O VI"	"+5"	"Oxygen"	"Li"	"1s2.2s"	"2S<1/2>"	"["	"138.1189"	"]"	"0.0021"	"L4713"	
"8"	"O VII"	"+6"	"Oxygen"	"He"	"1s2"	"1S0"	"("	"739.32697"	")"	"0.00015"	"L21139"	
"8"	"O VIII"	"+7"	"Oxygen"	"H"	"1s"	"2S<1/2>"	"("	"871.4099138"	")"	"0.0000012"	"L19200"	
"9"	"F I"	"0"	"Fluorine"	"F"	"1s2.2s2.2p5"	"2P*<3/2>"	""	"17.42282"	""	"0.00005"	"L7481,L526"	
"9"	"F II"	"+1"	"Fluorine"	"O"	"1s2.2s2.2p4"	"3P<2>"	""	"34.97081"	""	"0.00012"	"L369"	
"9"	"F III"	"+2"	"Fluorine"	"N"	"1s2.2s2.2p3"	"4S*<3/2>"	"["	"62.70798"	"]"	"0.00025"	"L11770"	
"9"	"F IV"	"+3"	"Fluorine"	"C"	"1s2.2s2.2p2"	"3P0"	"["	"87.175"	"]"	"0.017"	"L11770"	
"9"	"F V"	"+4"	"Fluorine"	"B"	"1s2.2s2.2p"	"2P*<1/2>"	"["	"114.249"	"]"	"0.006"	"L11770"	
"9"	"F VI"	"+5"	"Fluorine"	"Be"	"1s2.2s2"	"1S0"	""	"157.16311"	""	"0.00025"	"L6491"	
"9"	"F VII"	"+6"	"Fluorine"	"Li"	"1s2.2s"	"2S<1/2>"	""	"185.1868"	""	"0.0006"	"L6335"	
"9"	"F VIII"	"+7"	"Fluorine"	"He"	"1s2"	"1S0"	"("	"953.8983"	")"	"0.0003"	"L21139"	
"9"	"F IX"	"+8"	"Fluorine"	"H"	"1s"	"2S<1/2>"	"("	"1103.1175302"	")"	"0.0000019"	"L19200"	
"10"	"Ne I"	"0"	"Neon"	"Ne"	"1s2.2s2.2p6"	"1S0"	""	"21.564541"	""	"0.000007"	"L8826,L1407"	
"10"	"Ne II"	"+1"	"Neon"	"F"	"1s2.2s2.2p5"	"2P*<3/2>"	""	"40.96297"	""	"0.00004"	"L1406"	
"10"	"Ne III"	"+2"	"Neon"	"O"	"1s2.2s2.2p4"	"3P<2>"	""	"63.4233"	""	"0.0003"	"L9091"	
"10"	"Ne IV"	"+3"	"Neon"	"N"	"1s2.2s2.2p3"	"4S*<3/2>"	"["	"97.1900"	"]"	"0.0025"	"L11782"	
"10"	"Ne V"	"+4"	"Neon"	"C"	"1s2.2s2.2p2"	"3P0"	""	"126.247"	""	"0.012"	"L11744"	
"10"	"Ne VI"	"+5"	"Neon"	"B"	"1s2.2s2.2p"	"2P*<1/2>"	""	"157.934"	""	"0.005"	"L9340"	
"10"	"Ne VII"	"+6"	"Neon"	"Be"	"1s2.2s2"	"1S0"	""	"207.271"	""	"0.012"	"L9089"	
"10"	"Ne VIII"	"+7"	"Neon"	"Li"	"1s2.2s"	"2S<1/2>"	"["	"239.0970"	"]"	"0.0019"	"L9090"	
"10"	"Ne IX"	"+8"	"Neon"	"He"	"1s2"	"1S0"	"("	"1195.8082"	")"	"0.0004"	"L21139"	
"10"	"Ne X"	"+9"	"Neon"	"H"	"1s"	"2S<1/2>"	"("	"1362.199256"	")"	"0.000004"	"L19200"	
"11"	"Na I"	"0"	"Sodium"	"Na"	"[Ne].3s"	"2S<1/2>"	""	"5.13907696"	""	"0.00000025"	"L10921,L9648"	
"11"	"Na II"	"+1"	"Sodium"	"Ne"	"1s2.2s2.2p6"	"1S0"	""	"47.28636"	""	"0.00025"	"L914"	
"11"	"Na III"	"+2"	"Sodium"	"F"	"1s2.2s2.2p5"	"2P*<3/2>"	"["	"71.6200"	"]"	"0.0012"	"L5793,L2720"	
"11"	"Na IV"	"+3"	"Sodium"	"O"	"1s2.2s2.2p4"	"3P<2>"	"["	"98.936"	"]"	"0.012"	"L11770"	
"11"	"Na V"	"+4"	"Sodium"	"N"	"1s2.2s2.2p3"	"4S*<3/2>"	""	"138.404"	""	"0.012"	"L7482"	
"11"	"Na VI"	"+5"	"Sodium"	"C"	"1s2.2s2.2p2"	"3P0"	"["	"172.23"	"]"	"0.05"	"L11770"	
"11"	"Na VII"	"+6"	"Sodium"	"B"	"1s2.2s2.2p"	"2P*<1/2>"	"["	"208.504"	"]"	"0.012"	"L11770"	
"11"	"Na VIII"	"+7"	"Sodium"	"Be"	"1s2.2s2"	"1S0"	"["	"264.192"	"]"	"0.022"	"L11770"	
"11"	"Na IX"	"+8"	"Sodium"	"Li"	"1s2.2s"	"2S<1/2>"	"("	"299.856"	")"	"0.007"	"L16264c99"	
"11"	"Na X"	"+9"	"Sodium"	"He"	"1s2"	"1S0"	"("	"1465.0992"	")"	"0.0007"	"L21139"	
"11"	"Na XI"	"+10"	"Sodium"	"H"	"1s"	"2S<1/2>"	"("	"1648.702285"	")"	"0.000005"	"L19200"	
"12"	"Mg I"	"0"	"Magnesium"	"Mg"	"[Ne].3s2"	"1S0"	""	"7.646236"	""	"0.000004"	"L10635,L6969"	
"12"	"Mg II"	"+1"	"Magnesium"	"Na"	"[Ne].3s"	"2S<1/2>"	""	"15.035271"	""	"0.000006"	"L10635"	
"12"	"Mg III"	"+2"	"Magnesium"	"Ne"	"1s2.2s2.2p6"	"1S0"	""	"80.1436"	""	"0.0006"	"L4995,L1434"	
"12"	"Mg IV"	"+3"	"Magnesium"	"F"	"1s2.2s2.2p5"	"2P*<3/2>"	"["	"109.2654"	"]"	"0.0012"	"L4995,L2720"	
"12"	"Mg V"	"+4"	"Magnesium"	"O"	"1s2.2s2.2p4"	"3P<2>"	"["	"141.33"	"]"	"0.03"	"L11770"	
"12"	"Mg VI"	"+5"	"Magnesium"	"N"	"1s2.2s2.2p3"	"4S*<3/2>"	"["	"186.76"	"]"	"0.06"	"L10635"	
"12"	"Mg VII"	"+6"	"Magnesium"	"C"	"1s2.2s2.2p2"	"3P0"	"["	"225.02"	"]"	"0.06"	"L11770"	
"12"	"Mg VIII"	"+7"	"Magnesium"	"B"	"1s2.2s2.2p"	"2P*<1/2>"	"["	"265.924"	"]"	"0.019"	"L11770"	
"12"	"Mg IX"	"+8"	"Magnesium"	"Be"	"1s2.2s2"	"1S0"	"["	"327.99"	"]"	"0.04"	"L11770"	
"12"	"Mg X"	"+9"	"Magnesium"	"Li"	"1s2.2s"	"2S<1/2>"	"("	"367.489"	")"	"0.007"	"L16264c99"	
"12"	"Mg XI"	"+10"	"Magnesium"	"He"	"1s2"	"1S0"	"("	"1761.8049"	")"	"0.0010"	"L21139"	
"12"	"Mg XII"	"+11"	"Magnesium"	"H"	"1s"	"2S<1/2>"	"("	"1962.663889"	")"	"0.000007"	"L19200"	
"13"	"Al I"	"0"	"Aluminum"	"Al"	"[Ne].3s2.3p"	"2P*<1/2>"	""	"5.985769"	""	"0.000003"	"L7215,L10321"	
"13"	"Al II"	"+1"	"Aluminum"	"Mg"	"[Ne].3s2"	"1S0"	""	"18.82855"	""	"0.00005"	"L7215"	
"13"	"Al III"	"+2"	"Aluminum"	"Na"	"[Ne].3s"	"2S<1/2>"	""	"28.447642"	""	"0.000025"	"L4714,L277"	
"13"	"Al IV"	"+3"	"Aluminum"	"Ne"	"1s2.2s2.2p6"	"1S0"	""	"119.9924"	""	"0.0019"	"L4714,L2829"	
"13"	"Al V"	"+4"	"Aluminum"	"F"	"1s2.2s2.2p5"	"2P*<3/2>"	"["	"153.8252"	"]"	"0.0025"	"L4714,L3565"	
"13"	"Al VI"	"+5"	"Aluminum"	"O"	"1s2.2s2.2p4"	"3P<2>"	"["	"190.49"	"]"	"0.05"	"L7215"	
"13"	"Al VII"	"+6"	"Aluminum"	"N"	"1s2.2s2.2p3"	"4S*<3/2>"	"["	"241.76"	"]"	"0.09"	"L7215"	
"13"	"Al VIII"	"+7"	"Aluminum"	"C"	"1s2.2s2.2p2"	"3P0"	"["	"284.64"	"]"	"0.07"	"L11770"	
"13"	"Al IX"	"+8"	"Aluminum"	"B"	"1s2.2s2.2p"	"2P*<1/2>"	"["	"330.21"	"]"	"0.04"	"L11770"	
"13"	"Al X"	"+9"	"Aluminum"	"Be"	"1s2.2s2"	"1S0"	"["	"398.65"	"]"	"0.06"	"L11770"	
"13"	"Al XI"	"+10"	"Aluminum"	"Li"	"1s2.2s"	"2S<1/2>"	"("	"442.005"	")"	"0.007"	"L16264c99"	
"13"	"Al XII"	"+11"	"Aluminum"	"He"	"1s2"	"1S0"	"("	"2085.97693"	")"	"0.00016"	"L21139"	
"13"	"Al XIII"	"+12"	"Aluminum"	"H"	"1s"	"2S<1/2>"	"("	"2304.140359"	")"	"0.000012"	"L19200"	
"14"	"Si I"	"0"	"Silicon"	"Si"	"[Ne].3s2.3p2"	"3P0"	""	"8.15168"	""	"0.00003"	"L5815"	
"14"	"Si II"	"+1"	"Silicon"	"Al"	"[Ne].3s2.3p"	"2P*<1/2>"	""	"16.34585"	""	"0.00004"	"L5815"	
"14"	"Si III"	"+2"	"Silicon"	"Mg"	"[Ne].3s2"	"1S0"	""	"33.49300"	""	"0.00009"	"L5815"	
"14"	"Si IV"	"+3"	"Silicon"	"Na"	"[Ne].3s"	"2S<1/2>"	""	"45.14179"	""	"0.00007"	"L5815,L6098"	
"14"	"Si V"	"+4"	"Silicon"	"Ne"	"1s2.2s2.2p6"	"1S0"	""	"166.767"	""	"0.003"	"L3934"	
"14"	"Si VI"	"+5"	"Silicon"	"F"	"1s2.2s2.2p5"	"2P*<3/2>"	"["	"205.279"	"]"	"0.005"	"c192"	
"14"	"Si VII"	"+6"	"Silicon"	"O"	"1s2.2s2.2p4"	"3P<2>"	"["	"246.57"	"]"	"0.05"	"c193"	
"14"	"Si VIII"	"+7"	"Silicon"	"N"	"1s2.2s2.2p3"	"4S*<3/2>"	"["	"303.59"	"]"	"0.05"	"c193"	
"14"	"Si IX"	"+8"	"Silicon"	"C"	"1s2.2s2.2p2"	"3P0"	"["	"351.28"	"]"	"0.06"	"c193"	
"14"	"Si X"	"+9"	"Silicon"	"B"	"1s2.2s2.2p"	"2P*<1/2>"	"["	"401.38"	"]"	"0.04"	"L11770"	
"14"	"Si XI"	"+10"	"Silicon"	"Be"	"1s2.2s2"	"1S0"	"["	"476.273"	"]"	"0.019"	"c192"	
"14"	"Si XII"	"+11"	"Silicon"	"Li"	"1s2.2s"	"2S<1/2>"	"("	"523.415"	")"	"0.007"	"L16264c99"	
"14"	"Si XIII"	"+12"	"Silicon"	"He"	"1s2"	"1S0"	"("	"2437.65805"	")"	"0.00017"	"L21139"	
"14"	"Si XIV"	"+13"	"Silicon"	"H"	"1s"	"2S<1/2>"	"("	"2673.177958"	")"	"0.000017"	"L19200"	
"15"	"P I"	"0"	"Phosphorus"	"P"	"[Ne].3s2.3p3"	"4S*<3/2>"	""	"10.486686"	""	"0.000015"	"L5148"	
"15"	"P II"	"+1"	"Phosphorus"	"Si"	"[Ne].3s2.3p2"	"3P0"	"["	"19.76949"	"]"	"0.00004"	"L11770"	
"15"	"P III"	"+2"	"Phosphorus"	"Al"	"[Ne].3s2.3p"	"2P*<1/2>"	""	"30.20264"	""	"0.00009"	"L7147"	
"15"	"P IV"	"+3"	"Phosphorus"	"Mg"	"[Ne].3s2"	"1S0"	""	"51.44387"	""	"0.00012"	"L7147"	
"15"	"P V"	"+4"	"Phosphorus"	"Na"	"[Ne].3s"	"2S<1/2>"	""	"65.02511"	""	"0.00012"	"L7147,L2613"	
"15"	"P VI"	"+5"	"Phosphorus"	"Ne"	"1s2.2s2.2p6"	"1S0"	"["	"220.430"	"]"	"0.005"	"L11770"	
"15"	"P VII"	"+6"	"Phosphorus"	"F"	"1s2.2s2.2p5"	"2P*<3/2>"	"["	"263.57"	"]"	"0.06"	"L7147"	
"15"	"P VIII"	"+7"	"Phosphorus"	"O"	"1s2.2s2.2p4"	"3P<2>"	"["	"309.60"	"]"	"0.10"	"L7147"	
"15"	"P IX"	"+8"	"Phosphorus"	"N"	"1s2.2s2.2p3"	"4S*<3/2>"	"["	"372.31"	"]"	"0.21"	"L11770"	
"15"	"P X"	"+9"	"Phosphorus"	"C"	"1s2.2s2.2p2"	"3P0"	"["	"424.40"	"]"	"0.09"	"L11770"	
"15"	"P XI"	"+10"	"Phosphorus"	"B"	"1s2.2s2.2p"	"2P*<1/2>"	"["	"479.44"	"]"	"0.05"	"L11770"	
"15"	"P XII"	"+11"	"Phosphorus"	"Be"	"1s2.2s2"	"1S0"	"["	"560.62"	"]"	"0.10"	"L11770"	
"15"	"P XIII"	"+12"	"Phosphorus"	"Li"	"1s2.2s"	"2S<1/2>"	"("	"611.741"	")"	"0.007"	"L16264c99"	
"15"	"P XIV"	"+13"	"Phosphorus"	"He"	"1s2"	"1S0"	"("	"2816.90868"	")"	"0.00019"	"L21139"	
"15"	"P XV"	"+14"	"Phosphorus"	"H"	"1s"	"2S<1/2>"	"("	"3069.842145"	")"	"0.000014"	"L19200"	
"16"	"S I"	"0"	"Sulfur"	"S"	"[Ne].3s2.3p4"	"3P<2>"	""	"10.3600167"	""	"0.0000014"	"L23116"	
"16"	"S II"	"+1"	"Sulfur"	"P"	"[Ne].3s2.3p3"	"4S*<3/2>"	""	"23.33788"	""	"0.00025"	"L7237,L5883"	
"16"	"S III"	"+2"	"Sulfur"	"Si"	"[Ne].3s2.3p2"	"3P0"	"["	"34.86"	"]"	"0.04"	"L11770"	
"16"	"S IV"	"+3"	"Sulfur"	"Al"	"[Ne].3s2.3p"	"2P*<1/2>"	"["	"47.222"	"]"	"0.012"	"L7237"	
"16"	"S V"	"+4"	"Sulfur"	"Mg"	"[Ne].3s2"	"1S0"	""	"72.5945"	""	"0.0004"	"L7237"	
"16"	"S VI"	"+5"	"Sulfur"	"Na"	"[Ne].3s"	"2S<1/2>"	""	"88.0529"	""	"0.0004"	"L7237,L4882"	
"16"	"S VII"	"+6"	"Sulfur"	"Ne"	"1s2.2s2.2p6"	"1S0"	""	"280.954"	""	"0.007"	"L9896"	
"16"	"S VIII"	"+7"	"Sulfur"	"F"	"1s2.2s2.2p5"	"2P*<3/2>"	""	"328.794"	""	"0.007"	"L11242"	
"16"	"S IX"	"+8"	"Sulfur"	"O"	"1s2.2s2.2p4"	"3P<2>"	"["	"379.84"	"]"	"0.21"	"L11770"	
"16"	"S X"	"+9"	"Sulfur"	"N"	"1s2.2s2.2p3"	"4S*<3/2>"	"["	"447.7"	"]"	"0.3"	"L11770"	
"16"	"S XI"	"+10"	"Sulfur"	"C"	"1s2.2s2.2p2"	"3P0"	"["	"504.55"	"]"	"0.12"	"L11770"	
"16"	"S XII"	"+11"	"Sulfur"	"B"	"1s2.2s2.2p"	"2P*<1/2>"	"["	"564.41"	"]"	"0.05"	"L11770"	
"16"	"S XIII"	"+12"	"Sulfur"	"Be"	"1s2.2s2"	"1S0"	"["	"651.96"	"]"	"0.12"	"L11770"	
"16"	"S XIV"	"+13"	"Sulfur"	"Li"	"1s2.2s"	"2S<1/2>"	"("	"706.994"	")"	"0.007"	"L16264c99"	
"16"	"S XV"	"+14"	"Sulfur"	"He"	"1s2"	"1S0"	"("	"3223.78057"	")"	"0.00020"	"L21139"	
"16"	"S XVI"	"+15"	"Sulfur"	"H"	"1s"	"2S<1/2>"	"("	"3494.188518"	")"	"0.000019"	"L19200"	
"17"	"Cl I"	"0"	"Chlorine"	"Cl"	"[Ne].3s2.3p5"	"2P*<3/2>"	""	"12.967633"	""	"0.000016"	"L19191"	
"17"	"Cl II"	"+1"	"Chlorine"	"S"	"[Ne].3s2.3p4"	"3P<2>"	""	"23.81364"	""	"0.00012"	"L1617"	
"17"	"Cl III"	"+2"	"Chlorine"	"P"	"[Ne].3s2.3p3"	"4S*<3/2>"	"["	"39.80"	"]"	"0.11"	"L11770"	
"17"	"Cl IV"	"+3"	"Chlorine"	"Si"	"[Ne].3s2.3p2"	"3P0"	"["	"53.24"	"]"	"0.12"	"L11770"	
"17"	"Cl V"	"+4"	"Chlorine"	"Al"	"[Ne].3s2.3p"	"2P*<1/2>"	"["	"67.68"	"]"	"0.10"	"L11770"	
"17"	"Cl VI"	"+5"	"Chlorine"	"Mg"	"[Ne].3s2"	"1S0"	"["	"96.94"	"]"	"0.04"	"L11770"	
"17"	"Cl VII"	"+6"	"Chlorine"	"Na"	"[Ne].3s"	"2S<1/2>"	""	"114.2013"	""	"0.0006"	"L6356"	
"17"	"Cl VIII"	"+7"	"Chlorine"	"Ne"	"1s2.2s2.2p6"	"1S0"	""	"348.306"	""	"0.007"	"L6972"	
"17"	"Cl IX"	"+8"	"Chlorine"	"F"	"1s2.2s2.2p5"	"2P*<3/2>"	""	"400.851"	""	"0.012"	"L9369"	
"17"	"Cl X"	"+9"	"Chlorine"	"O"	"1s2.2s2.2p4"	"3P<2>"	"["	"456.7"	"]"	"0.4"	"L11770"	
"17"	"Cl XI"	"+10"	"Chlorine"	"N"	"1s2.2s2.2p3"	"4S*<3/2>"	"["	"530.0"	"]"	"0.4"	"L11770"	
"17"	"Cl XII"	"+11"	"Chlorine"	"C"	"1s2.2s2.2p2"	"3P0"	"["	"591.58"	"]"	"0.19"	"L11770"	
"17"	"Cl XIII"	"+12"	"Chlorine"	"B"	"1s2.2s2.2p"	"2P*<1/2>"	"["	"656.30"	"]"	"0.12"	"L11770"	
"17"	"Cl XIV"	"+13"	"Chlorine"	"Be"	"1s2.2s2"	"1S0"	"["	"750.23"	"]"	"0.19"	"L11770"	
"17"	"Cl XV"	"+14"	"Chlorine"	"Li"	"1s2.2s"	"2S<1/2>"	"("	"809.198"	")"	"0.007"	"L16264c99"	
"17"	"Cl XVI"	"+15"	"Chlorine"	"He"	"1s2"	"1S0"	"("	"3658.34366"	")"	"0.00022"	"L21139"	
"17"	"Cl XVII"	"+16"	"Chlorine"	"H"	"1s"	"2S<1/2>"	"("	"3946.29179"	")"	"0.00007"	"L19200"	
"18"	"Ar I"	"0"	"Argon"	"Ar"	"[Ne].3s2.3p6"	"1S0"	""	"15.7596119"	""	"0.0000005"	"L9217"	
"18"	"Ar II"	"+1"	"Argon"	"Cl"	"[Ne].3s2.3p5"	"2P*<3/2>"	""	"27.62967"	""	"0.00012"	"L8844"	
"18"	"Ar III"	"+2"	"Argon"	"S"	"[Ne].3s2.3p4"	"3P<2>"	"["	"40.735"	"]"	"0.012"	"L8114"	
"18"	"Ar IV"	"+3"	"Argon"	"P"	"[Ne].3s2.3p3"	"4S*<3/2>"	"["	"59.58"	"]"	"0.18"	"L11770"	
"18"	"Ar V"	"+4"	"Argon"	"Si"	"[Ne].3s2.3p2"	"3P0"	"["	"74.84"	"]"	"0.17"	"L11770"	
"18"	"Ar VI"	"+5"	"Argon"	"Al"	"[Ne].3s2.3p"	"2P*<1/2>"	""	"91.290"	""	"0.010"	"L12277"	
"18"	"Ar VII"	"+6"	"Argon"	"Mg"	"[Ne].3s2"	"1S0"	"["	"124.41"	"]"	"0.06"	"L11770"	
"18"	"Ar VIII"	"+7"	"Argon"	"Na"	"[Ne].3s"	"2S<1/2>"	"["	"143.4567"	"]"	"0.0012"	"L4344"	
"18"	"Ar IX"	"+8"	"Argon"	"Ne"	"1s2.2s2.2p6"	"1S0"	"["	"422.60"	"]"	"0.06"	"L11770"	
"18"	"Ar X"	"+9"	"Argon"	"F"	"1s2.2s2.2p5"	"2P*<3/2>"	"["	"479.76"	"]"	"0.12"	"L11242c99"	
"18"	"Ar XI"	"+10"	"Argon"	"O"	"1s2.2s2.2p4"	"3P<2>"	"["	"540.4"	"]"	"0.6"	"L11770"	
"18"	"Ar XII"	"+11"	"Argon"	"N"	"1s2.2s2.2p3"	"4S*<3/2>"	"["	"619.0"	"]"	"0.4"	"L11770"	
"18"	"Ar XIII"	"+12"	"Argon"	"C"	"1s2.2s2.2p2"	"3P0"	"["	"685.5"	"]"	"0.3"	"L11770"	
"18"	"Ar XIV"	"+13"	"Argon"	"B"	"1s2.2s2.2p"	"2P*<1/2>"	"["	"755.13"	"]"	"0.22"	"L11770"	
"18"	"Ar XV"	"+14"	"Argon"	"Be"	"1s2.2s2"	"1S0"	"["	"855.5"	"]"	"0.3"	"L11770"	
"18"	"Ar XVI"	"+15"	"Argon"	"Li"	"1s2.2s"	"2S<1/2>"	"("	"918.375"	")"	"0.007"	"L16264c99"	
"18"	"Ar XVII"	"+16"	"Argon"	"He"	"1s2"	"1S0"	"("	"4120.66559"	")"	"0.00022"	"L21139"	
"18"	"Ar XVIII"	"+17"	"Argon"	"H"	"1s"	"2S<1/2>"	"("	"4426.22407"	")"	"0.00004"	"L19200"	
"19"	"K I"	"0"	"Potassium"	"K"	"[Ar].4s"	"2S<1/2>"	""	"4.34066373"	""	"0.00000009"	"L5451,L5783,L7185"	
"19"	"K II"	"+1"	"Potassium"	"Ar"	"[Ne].3s2.3p6"	"1S0"	""	"31.62500"	""	"0.00019"	"L12188"	
"19"	"K III"	"+2"	"Potassium"	"Cl"	"[Ne].3s2.3p5"	"2P*<3/2>"	"["	"45.8031"	"]"	"0.0017"	"L11770"	
"19"	"K IV"	"+3"	"Potassium"	"S"	"[Ne].3s2.3p4"	"3P<2>"	"["	"60.917"	"]"	"0.019"	"L11770"	
"19"	"K V"	"+4"	"Potassium"	"P"	"[Ne].3s2.3p3"	"4S*<3/2>"	"["	"82.66"	"]"	"0.16"	"L241"	
"19"	"K VI"	"+5"	"Potassium"	"Si"	"[Ne].3s2.3p2"	"3P0"	"["	"99.44"	"]"	"0.20"	"L7185"	
"19"	"K VII"	"+6"	"Potassium"	"Al"	"[Ne].3s2.3p"	"2P*<1/2>"	""	"117.56"	""	"0.11"	"L7185"	
"19"	"K VIII"	"+7"	"Potassium"	"Mg"	"[Ne].3s2"	"1S0"	"["	"154.87"	"]"	"0.05"	"L12392"	
"19"	"K IX"	"+8"	"Potassium"	"Na"	"[Ne].3s"	"2S<1/2>"	"["	"175.8174"	"]"	"0.0025"	"L4344"	
"19"	"K X"	"+9"	"Potassium"	"Ne"	"1s2.2s2.2p6"	"1S0"	"["	"503.67"	"]"	"0.07"	"L11770"	
"19"	"K XI"	"+10"	"Potassium"	"F"	"1s2.2s2.2p5"	"2P*<3/2>"	"["	"565.6"	"]"	"0.7"	"L11770"	
"19"	"K XII"	"+11"	"Potassium"	"O"	"1s2.2s2.2p4"	"3P<2>"	"["	"631.1"	"]"	"0.9"	"L11770"	
"19"	"K XIII"	"+12"	"Potassium"	"N"	"1s2.2s2.2p3"	"4S*<3/2>"	"["	"714.7"	"]"	"0.5"	"L11770"	
"19"	"K XIV"	"+13"	"Potassium"	"C"	"1s2.2s2.2p2"	"3P0"	"["	"786.3"	"]"	"0.3"	"L11770"	
"19"	"K XV"	"+14"	"Potassium"	"B"	"1s2.2s2.2p"	"2P*<1/2>"	"["	"860.92"	"]"	"0.25"	"L11770"	
"19"	"K XVI"	"+15"	"Potassium"	"Be"	"1s2.2s2"	"1S0"	"["	"967.7"	"]"	"0.3"	"L11770"	
"19"	"K XVII"	"+16"	"Potassium"	"Li"	"1s2.2s"	"2S<1/2>"	"("	"1034.542"	")"	"0.007"	"L16264c99"	
"19"	"K XVIII"	"+17"	"Potassium"	"He"	"1s2"	"1S0"	"("	"4610.80714"	")"	"0.00025"	"L21139"	
"19"	"K XIX"	"+18"	"Potassium"	"H"	"1s"	"2S<1/2>"	"("	"4934.04979"	")"	"0.00005"	"L19200"	
"20"	"Ca I"	"0"	"Calcium"	"Ca"	"[Ar].4s2"	"1S0"	""	"6.1131549210"	""	"0.0000000005"	"L22848"	
"20"	"Ca II"	"+1"	"Calcium"	"K"	"[Ar].4s"	"2S<1/2>"	""	"11.871719"	""	"0.000004"	"L7185,L7323"	
"20"	"Ca III"	"+2"	"Calcium"	"Ar"	"[Ne].3s2.3p6"	"1S0"	""	"50.91316"	""	"0.00025"	"L1405"	
"20"	"Ca IV"	"+3"	"Calcium"	"Cl"	"[Ne].3s2.3p5"	"2P*<3/2>"	"["	"67.2732"	"]"	"0.0021"	"L11770"	
"20"	"Ca V"	"+4"	"Calcium"	"S"	"[Ne].3s2.3p4"	"3P<2>"	"["	"84.34"	"]"	"0.08"	"L11770"	
"20"	"Ca VI"	"+5"	"Calcium"	"P"	"[Ne].3s2.3p3"	"4S*<3/2>"	"["	"108.78"	"]"	"0.25"	"L7185"	
"20"	"Ca VII"	"+6"	"Calcium"	"Si"	"[Ne].3s2.3p2"	"3P0"	"["	"127.21"	"]"	"0.25"	"L7185"	
"20"	"Ca VIII"	"+7"	"Calcium"	"Al"	"[Ne].3s2.3p"	"2P*<1/2>"	""	"147.24"	""	"0.12"	"L7185"	
"20"	"Ca IX"	"+8"	"Calcium"	"Mg"	"[Ne].3s2"	"1S0"	"["	"188.54"	"]"	"0.06"	"L7185"	
"20"	"Ca X"	"+9"	"Calcium"	"Na"	"[Ne].3s"	"2S<1/2>"	"["	"211.275"	"]"	"0.004"	"L11770"	
"20"	"Ca XI"	"+10"	"Calcium"	"Ne"	"1s2.2s2.2p6"	"1S0"	"["	"591.60"	"]"	"0.12"	"L11770"	
"20"	"Ca XII"	"+11"	"Calcium"	"F"	"1s2.2s2.2p5"	"2P*<3/2>"	"["	"658.2"	"]"	"0.9"	"L11770"	
"20"	"Ca XIII"	"+12"	"Calcium"	"O"	"1s2.2s2.2p4"	"3P<2>"	"["	"728.6"	"]"	"1.1"	"L11770"	
"20"	"Ca XIV"	"+13"	"Calcium"	"N"	"1s2.2s2.2p3"	"4S*<3/2>"	"["	"817.2"	"]"	"0.6"	"L11770"	
"20"	"Ca XV"	"+14"	"Calcium"	"C"	"1s2.2s2.2p2"	"3P0"	"["	"894.0"	"]"	"0.4"	"L11770"	
"20"	"Ca XVI"	"+15"	"Calcium"	"B"	"1s2.2s2.2p"	"2P*<1/2>"	"["	"973.7"	"]"	"0.3"	"L11770"	
"20"	"Ca XVII"	"+16"	"Calcium"	"Be"	"1s2.2s2"	"1S0"	"["	"1086.8"	"]"	"0.4"	"L11770"	
"20"	"Ca XVIII"	"+17"	"Calcium"	"Li"	"1s2.2s"	"2S<1/2>"	"("	"1157.726"	")"	"0.007"	"L16264c99"	
"20"	"Ca XIX"	"+18"	"Calcium"	"He"	"1s2"	"1S0"	"("	"5128.8576"	")"	"0.0003"	"L21139"	
"20"	"Ca XX"	"+19"	"Calcium"	"H"	"1s"	"2S<1/2>"	"("	"5469.86358"	")"	"0.00006"	"L19200"	
"21"	"Sc I"	"0"	"Scandium"	"Sc"	"[Ar].3d.4s2"	"2D<3/2>"	""	"6.56149"	""	"0.00006"	"L7185,L2110"	
"21"	"Sc II"	"+1"	"Scandium"	"Ca"	"[Ar].3d.4s"	"3D<1>"	""	"12.79977"	""	"0.00025"	"L7185,L5141"	
"21"	"Sc III"	"+2"	"Scandium"	"K"	"[Ar].3d"	"2D<3/2>"	""	"24.756839"	""	"0.000012"	"L1891,L7185"	
"21"	"Sc IV"	"+3"	"Scandium"	"Ar"	"[Ne].3s2.3p6"	"1S0"	""	"73.4894"	""	"0.0004"	"L7185,L2826"	
"21"	"Sc V"	"+4"	"Scandium"	"Cl"	"[Ne].3s2.3p5"	"2P*<3/2>"	"["	"91.95"	"]"	"0.03"	"L11770"	
"21"	"Sc VI"	"+5"	"Scandium"	"S"	"[Ne].3s2.3p4"	"3P<2>"	"["	"110.68"	"]"	"0.05"	"L7185"	
"21"	"Sc VII"	"+6"	"Scandium"	"P"	"[Ne].3s2.3p3"	"4S*<3/2>"	"["	"137.99"	"]"	"0.25"	"L7185"	
"21"	"Sc VIII"	"+7"	"Scandium"	"Si"	"[Ne].3s2.3p2"	"3P0"	"["	"158.08"	"]"	"0.25"	"L7185"	
"21"	"Sc IX"	"+8"	"Scandium"	"Al"	"[Ne].3s2.3p"	"2P*<1/2>"	""	"180.03"	""	"0.12"	"L7185"	
"21"	"Sc X"	"+9"	"Scandium"	"Mg"	"[Ne].3s2"	"1S0"	"["	"225.18"	"]"	"0.05"	"L7185"	
"21"	"Sc XI"	"+10"	"Scandium"	"Na"	"[Ne].3s"	"2S<1/2>"	"["	"249.798"	"]"	"0.005"	"L10106"	
"21"	"Sc XII"	"+11"	"Scandium"	"Ne"	"1s2.2s2.2p6"	"1S0"	""	"687.36"	""	"0.12"	"L7185"	
"21"	"Sc XIII"	"+12"	"Scandium"	"F"	"1s2.2s2.2p5"	"2P*<3/2>"	"["	"757.7"	"]"	"1.0"	"L11770"	
"21"	"Sc XIV"	"+13"	"Scandium"	"O"	"1s2.2s2.2p4"	"3P<2>"	"["	"833.2"	"]"	"1.4"	"L11770"	
"21"	"Sc XV"	"+14"	"Scandium"	"N"	"1s2.2s2.2p3"	"4S*<3/2>"	"["	"926.5"	"]"	"0.7"	"L11770"	
"21"	"Sc XVI"	"+15"	"Scandium"	"C"	"1s2.2s2.2p2"	"3P0"	"["	"1008.6"	"]"	"0.4"	"L11770"	
"21"	"Sc XVII"	"+16"	"Scandium"	"B"	"1s2.2s2.2p"	"2P*<1/2>"	"["	"1093.5"	"]"	"0.4"	"L11770"	
"21"	"Sc XVIII"	"+17"	"Scandium"	"Be"	"1s2.2s2"	"1S0"	"["	"1213.1"	"]"	"0.4"	"L11770"	
"21"	"Sc XIX"	"+18"	"Scandium"	"Li"	"1s2.2s"	"2S<1/2>"	"("	"1287.957"	")"	"0.007"	"L16264c99"	
"21"	"Sc XX"	"+19"	"Scandium"	"He"	"1s2"	"1S0"	"("	"5674.9036"	")"	"0.0004"	"L21139"	
"21"	"Sc XXI"	"+20"	"Scandium"	"H"	"1s"	"2S<1/2>"	"("	"6033.75643"	")"	"0.00009"	"L19200"	
"22"	"Ti V"	"+4"	"Titanium"	"Ar"	"[Ne].3s2.3p6"	"1S0"	""	"99.299"	""	"0.012"	"L7185"	
"24"	"Cr I"	"0"	"Chromium"	"Cr"	"[Ar].3d5.4s"	"7S<3>"	""	"6.76651"	""	"0.00004"	"L7185,L2832"	
"24"	"Cr II"	"+1"	"Chromium"	"V"	"[Ar].3d5"	"6S<5/2>"	""	"16.486305"	""	"0.000015"	"L18847"	
"24"	"Cr III"	"+2"	"Chromium"	"Ti"	"[Ar].3d4"	"5D0"	""	"30.959"	""	"0.025"	"L7185,L17500"	
"24"	"Cr IV"	"+3"	"Chromium"	"Sc"	"[Ar].3d3"	"4F<3/2>"	"["	"49.16"	"]"	"0.05"	"L7185,L5498"	
"24"	"Cr V"	"+4"	"Chromium"	"Ca"	"[Ar].3d2"	"3F<2>"	"["	"69.46"	"]"	"0.04"	"L1933,L7185"	
"24"	"Cr VI"	"+5"	"Chromium"	"K"	"[Ar].3d"	"2D<3/2>"	""	"90.6349"	""	"0.0007"	"L7185,L2229"	
"24"	"Cr VII"	"+6"	"Chromium"	"Ar"	"[Ne].3s2.3p6"	"1S0"	"["	"160.29"	"]"	"0.06"	"L11770"	
"24"	"Cr VIII"	"+7"	"Chromium"	"Cl"	"[Ne].3s2.3p5"	"2P*<3/2>"	"["	"184.76"	"]"	"0.15"	"L11770"	
"24"	"Cr IX"	"+8"	"Chromium"	"S"	"[Ne].3s2.3p4"	"3P<2>"	"["	"209.5"	"]"	"0.3"	"L11770"	
"24"	"Cr X"	"+9"	"Chromium"	"P"	"[Ne].3s2.3p3"	"4S*<3/2>"	"["	"244.5"	"]"	"0.5"	"L11770"	
"24"	"Cr XI"	"+10"	"Chromium"	"Si"	"[Ne].3s2.3p2"	"3P0"	"["	"270.8"	"]"	"0.5"	"L7185"	
"24"	"Cr XII"	"+11"	"Chromium"	"Al"	"[Ne].3s2.3p"	"2P*<1/2>"	"["	"296.7"	"]"	"0.6"	"L11770"	
"24"	"Cr XIII"	"+12"	"Chromium"	"Mg"	"[Ne].3s2"	"1S0"	"["	"354.7"	"]"	"0.3"	"L11770"	
"24"	"Cr XIV"	"+13"	"Chromium"	"Na"	"[Ne].3s"	"2S<1/2>"	"["	"384.163"	"]"	"0.006"	"L11770"	
"24"	"Cr XV"	"+14"	"Chromium"	"Ne"	"1s2.2s2.2p6"	"1S0"	"["	"1011.6"	"]"	"0.5"	"L11770"	
"24"	"Cr XVI"	"+15"	"Chromium"	"F"	"1s2.2s2.2p5"	"2P*<3/2>"	"["	"1097.2"	"]"	"1.4"	"L11770"	
"24"	"Cr XVII"	"+16"	"Chromium"	"O"	"1s2.2s2.2p4"	"3P<2>"	"["	"1188.0"	"]"	"2.1"	"L11770c98"	
"24"	"Cr XVIII"	"+17"	"Chromium"	"N"	"1s2.2s2.2p3"	"4S*<3/2>"	"["	"1294.8"	"]"	"1.6"	"L11770"	
"24"	"Cr XIX"	"+18"	"Chromium"	"C"	"1s2.2s2.2p2"	"3P0"	"["	"1394.5"	"]"	"0.7"	"L11770"	
"24"	"Cr XX"	"+19"	"Chromium"	"B"	"1s2.2s2.2p"	"2P*<1/2>"	"["	"1495.1"	"]"	"0.7"	"L11770"	
"24"	"Cr XXI"	"+20"	"Chromium"	"Be"	"1s2.2s2"	"1S0"	"["	"1634.1"	"]"	"0.5"	"L11770"	
"24"	"Cr XXII"	"+21"	"Chromium"	"Li"	"1s2.2s"	"2S<1/2>"	"("	"1721.183"	")"	"0.007"	"L16264c99"	
"24"	"Cr XXIII"	"+22"	"Chromium"	"He"	"1s2"	"1S0"	"("	"7481.8624"	")"	"0.0012"	"L21139"	
"24"	"Cr XXIV"	"+23"	"Chromium"	"H"	"1s"	"2S<1/2>"	"("	"7894.80289"	")"	"0.00019"	"L19200"	
"25"	"Mn I"	"0"	"Manganese"	"Mn"	"[Ar].3d5.4s2"	"6S<5/2>"	""	"7.4340380"	""	"0.0000012"	"L19057"	
"25"	"Mn II"	"+1"	"Manganese"	"Cr"	"[Ar].3d5.4s"	"7S<3>"	""	"15.63999"	""	"0.00007"	"L7185,L562"	
"25"	"Mn III"	"+2"	"Manganese"	"V"	"[Ar].3d5"	"6S<5/2>"	""	"33.668"	""	"0.012"	"L7185,L457"	
"25"	"Mn IV"	"+3"	"Manganese"	"Ti"	"[Ar].3d4"	"5D0"	"["	"51.21"	"]"	"0.12"	"L7185,L241"	
"25"	"Mn V"	"+4"	"Manganese"	"Sc"	"[Ar].3d3"	"4F<3/2>"	"["	"72.41"	"]"	"0.10"	"L7185,L241c99"	
"25"	"Mn VI"	"+5"	"Manganese"	"Ca"	"[Ar].3d2"	"3F<2>"	""	"95.604"	""	"0.025"	"L7185"	
"25"	"Mn VII"	"+6"	"Manganese"	"K"	"[Ar].3d"	"2D<3/2>"	""	"119.203"	""	"0.012"	"L7185,L5223"	
"25"	"Mn VIII"	"+7"	"Manganese"	"Ar"	"[Ne].3s2.3p6"	"1S0"	"["	"195.5"	"]"	"0.3"	"L11770"	
"25"	"Mn IX"	"+8"	"Manganese"	"Cl"	"[Ne].3s2.3p5"	"2P*<3/2>"	"["	"221.89"	"]"	"0.17"	"L11770"	
"25"	"Mn X"	"+9"	"Manganese"	"S"	"[Ne].3s2.3p4"	"3P<2>"	"["	"248.6"	"]"	"0.3"	"L11770"	
"25"	"Mn XI"	"+10"	"Manganese"	"P"	"[Ne].3s2.3p3"	"4S*<3/2>"	"["	"286.1"	"]"	"0.5"	"L11770"	
"25"	"Mn XII"	"+11"	"Manganese"	"Si"	"[Ne].3s2.3p2"	"3P0"	"["	"314.4"	"]"	"0.6"	"L7185"	
"25"	"Mn XIII"	"+12"	"Manganese"	"Al"	"[Ne].3s2.3p"	"2P*<1/2>"	"["	"343.6"	"]"	"0.7"	"L7185"	
"25"	"Mn XIV"	"+13"	"Manganese"	"Mg"	"[Ne].3s2"	"1S0"	"["	"402.95"	"]"	"0.25"	"L7185"	
"25"	"Mn XV"	"+14"	"Manganese"	"Na"	"[Ne].3s"	"2S<1/2>"	"["	"435.172"	"]"	"0.007"	"L11770"	
"25"	"Mn XVI"	"+15"	"Manganese"	"Ne"	"1s2.2s2.2p6"	"1S0"	"["	"1133.7"	"]"	"0.6"	"L11770"	
"25"	"Mn XVII"	"+16"	"Manganese"	"F"	"1s2.2s2.2p5"	"2P*<3/2>"	"["	"1224.1"	"]"	"1.5"	"L11770"	
"25"	"Mn XVIII"	"+17"	"Manganese"	"O"	"1s2.2s2.2p4"	"3P<2>"	"["	"1320.3"	"]"	"2.5"	"L11770"	
"25"	"Mn XIX"	"+18"	"Manganese"	"N"	"1s2.2s2.2p3"	"4S*<3/2>"	"["	"1430.9"	"]"	"2.2"	"L11770"	
"25"	"Mn XX"	"+19"	"Manganese"	"C"	"1s2.2s2.2p2"	"3P0"	"["	"1537.2"	"]"	"0.8"	"L11770"	
"25"	"Mn XXI"	"+20"	"Manganese"	"B"	"1s2.2s2.2p"	"2P*<1/2>"	"["	"1643.2"	"]"	"0.7"	"L11770"	
"25"	"Mn XXII"	"+21"	"Manganese"	"Be"	"1s2.2s2"	"1S0"	"["	"1788.7"	"]"	"0.6"	"L11770"	
"25"	"Mn XXIII"	"+22"	"Manganese"	"Li"	"1s2.2s"	"2S<1/2>"	"("	"1879.873"	")"	"0.007"	"L16264c99"	
"25"	"Mn XXIV"	"+23"	"Manganese"	"He"	"1s2"	"1S0"	"("	"8140.7864"	")"	"0.0014"	"L21139"	
"25"	"Mn XXV"	"+24"	"Manganese"	"H"	"1s"	"2S<1/2>"	"("	"8571.95438"	")"	"0.00022"	"L19200"	
"26"	"Fe I"	"0"	"Iron"	"Fe"	"[Ar].3d6.4s2"	"5D<4>"	""	"7.9024681"	""	"0.0000012"	"L7743c109"	
"26"	"Fe II"	"+1"	"Iron"	"Mn"	"[Ar].3d6.4s"	"6D<9/2>"	""	"16.19921"	""	"0.00005"	"L18349"	
"26"	"Fe III"	"+2"	"Iron"	"Cr"	"[Ar].3d6"	"5D<4>"	""	"30.651"	""	"0.012"	"L7185,L1171"	
"26"	"Fe IV"	"+3"	"Iron"	"V"	"[Ar].3d5"	"6S<5/2>"	""	"54.91"	""	"0.04"	"L17209"	
"26"	"Fe V"	"+4"	"Iron"	"Ti"	"[Ar].3d4"	"5D0"	"["	"75.00"	"]"	"0.15"	"L7185,L241"	
"26"	"Fe VI"	"+5"	"Iron"	"Sc"	"[Ar].3d3"	"4F<3/2>"	""	"98.985"	""	"0.015"	"L17209"	
"26"	"Fe VII"	"+6"	"Iron"	"Ca"	"[Ar].3d2"	"3F<2>"	""	"124.9671"	""	"0.0025"	"L22066,L5267"	
"26"	"Fe VIII"	"+7"	"Iron"	"K"	"[Ar].3d"	"2D<3/2>"	""	"151.060"	""	"0.012"	"L7185"	
"26"	"Fe IX"	"+8"	"Iron"	"Ar"	"[Ne].3s2.3p6"	"1S0"	"["	"233.6"	"]"	"0.4"	"L7185"	
"26"	"Fe X"	"+9"	"Iron"	"Cl"	"[Ne].3s2.3p5"	"2P*<3/2>"	"["	"262.10"	"]"	"0.12"	"L7185"	
"26"	"Fe XI"	"+10"	"Iron"	"S"	"[Ne].3s2.3p4"	"3P<2>"	"["	"290.9"	"]"	"0.4"	"L11770"	
"26"	"Fe XII"	"+11"	"Iron"	"P"	"[Ne].3s2.3p3"	"4S*<3/2>"	"["	"330.8"	"]"	"0.6"	"L11770"	
"26"	"Fe XIII"	"+12"	"Iron"	"Si"	"[Ne].3s2.3p2"	"3P0"	"["	"361.0"	"]"	"0.7"	"L7185"	
"26"	"Fe XIV"	"+13"	"Iron"	"Al"	"[Ne].3s2.3p"	"2P*<1/2>"	"["	"392.2"	"]"	"0.7"	"L7185"	
"26"	"Fe XV"	"+14"	"Iron"	"Mg"	"[Ne].3s2"	"1S0"	""	"456.2"	""	"0.5"	"L17943"	
"26"	"Fe XVI"	"+15"	"Iron"	"Na"	"[Ne].3s"	"2S<1/2>"	"["	"489.312"	"]"	"0.014"	"L11770"	
"26"	"Fe XVII"	"+16"	"Iron"	"Ne"	"1s2.2s2.2p6"	"1S0"	"["	"1262.7"	"]"	"0.7"	"L11770"	
"26"	"Fe XVIII"	"+17"	"Iron"	"F"	"1s2.2s2.2p5"	"2P*<3/2>"	"["	"1357.8"	"]"	"1.9"	"L11770"	
"26"	"Fe XIX"	"+18"	"Iron"	"O"	"1s2.2s2.2p4"	"3P<2>"	"["	"1460"	"]"	"3"	"L11770"	
"26"	"Fe XX"	"+19"	"Iron"	"N"	"1s2.2s2.2p3"	"4S*<3/2>"	""	"1575.6"	""	"0.5"	"L7185"	
"26"	"Fe XXI"	"+20"	"Iron"	"C"	"1s2.2s2.2p2"	"3P0"	"["	"1687.0"	"]"	"1.0"	"L11770"	
"26"	"Fe XXII"	"+21"	"Iron"	"B"	"1s2.2s2.2p"	"2P*<1/2>"	"["	"1798.4"	"]"	"0.8"	"L11770"	
"26"	"Fe XXIII"	"+22"	"Iron"	"Be"	"1s2.2s2"	"1S0"	"["	"1950.4"	"]"	"1.8"	"L11770"	
"26"	"Fe XXIV"	"+23"	"Iron"	"Li"	"1s2.2s"	"2S<1/2>"	"("	"2045.759"	")"	"0.007"	"L16264c99"	
"26"	"Fe XXV"	"+24"	"Iron"	"He"	"1s2"	"1S0"	"("	"8828.1864"	")"	"0.0012"	"L21139"	
"26"	"Fe XXVI"	"+25"	"Iron"	"H"	"1s"	"2S<1/2>"	"("	"9277.6886"	")"	"0.0003"	"L19200"	
"27"	"Co I"	"0"	"Cobalt"	"Co"	"[Ar].3d7.4s2"	"4F<9/2>"	""	"7.88101"	""	"0.00012"	"L10545"	
"27"	"Co II"	"+1"	"Cobalt"	"Fe"	"[Ar].3d8"	"3F<4>"	""	"17.0844"	""	"0.0012"	"L7185,L2115"	
"27"	"Co III"	"+2"	"Cobalt"	"Mn"	"[Ar].3d7"	"4F<9/2>"	"["	"33.50"	"]"	"0.06"	"L7185,L17500"	
"27"	"Co IV"	"+3"	"Cobalt"	"Cr"	"[Ar].3d6"	"5D<4>"	"["	"51.27"	"]"	"0.10"	"L7185,L241"	
"27"	"Co V"	"+4"	"Cobalt"	"V"	"[Ar].3d5"	"6S<5/2>"	"["	"79.50"	"]"	"0.20"	"L7185,L241"	
"27"	"Co VI"	"+5"	"Cobalt"	"Ti"	"[Ar].3d4"	"5D0"	"["	"102.00"	"]"	"0.20"	"L7185,L241"	
"27"	"Co VII"	"+6"	"Cobalt"	"Sc"	"[Ar].3d3"	"4F<3/2>"	"["	"128.9"	"]"	"0.5"	"L7185,L241c99"	
"27"	"Co VIII"	"+7"	"Cobalt"	"Ca"	"[Ar].3d2"	"3F<2>"	"["	"157.8"	"]"	"0.6"	"L7185"	
"27"	"Co IX"	"+8"	"Cobalt"	"K"	"[Ar].3d"	"2D<3/2>"	""	"186.14"	""	"0.25"	"L7185"	
"27"	"Co X"	"+9"	"Cobalt"	"Ar"	"[Ne].3s2.3p6"	"1S0"	"["	"275.4"	"]"	"0.4"	"L7185"	
"27"	"Co XI"	"+10"	"Cobalt"	"Cl"	"[Ne].3s2.3p5"	"2P*<3/2>"	"["	"305.32"	"]"	"0.23"	"L11770"	
"27"	"Co XII"	"+11"	"Cobalt"	"S"	"[Ne].3s2.3p4"	"3P<2>"	"["	"336.1"	"]"	"0.4"	"L11770"	
"27"	"Co XIII"	"+12"	"Cobalt"	"P"	"[Ne].3s2.3p3"	"4S*<3/2>"	"["	"378.5"	"]"	"0.7"	"L11770"	
"27"	"Co XIV"	"+13"	"Cobalt"	"Si"	"[Ne].3s2.3p2"	"3P0"	"["	"410.0"	"]"	"1.0"	"L11770"	
"27"	"Co XV"	"+14"	"Cobalt"	"Al"	"[Ne].3s2.3p"	"2P*<1/2>"	"["	"441.1"	"]"	"1.4"	"L11770"	
"27"	"Co XVI"	"+15"	"Cobalt"	"Mg"	"[Ne].3s2"	"1S0"	"["	"511.96"	"]"	"0.06"	"L7185"	
"27"	"Co XVII"	"+16"	"Cobalt"	"Na"	"[Ne].3s"	"2S<1/2>"	"["	"546.588"	"]"	"0.015"	"L11770c98"	
"27"	"Co XVIII"	"+17"	"Cobalt"	"Ne"	"1s2.2s2.2p6"	"1S0"	""	"1397.2"	""	"0.5"	"L7185"	
"27"	"Co XIX"	"+18"	"Cobalt"	"F"	"1s2.2s2.2p5"	"2P*<3/2>"	""	"1504.5"	""	"1.2"	"L7185"	
"27"	"Co XX"	"+19"	"Cobalt"	"O"	"1s2.2s2.2p4"	"3P<2>"	"["	"1606"	"]"	"4"	"L11770"	
"27"	"Co XXI"	"+20"	"Cobalt"	"N"	"1s2.2s2.2p3"	"4S*<3/2>"	"["	"1724"	"]"	"3"	"L11770"	
"27"	"Co XXII"	"+21"	"Cobalt"	"C"	"1s2.2s2.2p2"	"3P0"	"["	"1844.0"	"]"	"1.1"	"L11770"	
"27"	"Co XXIII"	"+22"	"Cobalt"	"B"	"1s2.2s2.2p"	"2P*<1/2>"	"["	"1960.8"	"]"	"0.8"	"L11770"	
"27"	"Co XXIV"	"+23"	"Cobalt"	"Be"	"1s2.2s2"	"1S0"	"["	"2119.4"	"]"	"1.9"	"L11770"	
"27"	"Co XXV"	"+24"	"Cobalt"	"Li"	"1s2.2s"	"2S<1/2>"	"("	"2218.876"	")"	"0.007"	"L16264c99"	
"27"	"Co XXVI"	"+25"	"Cobalt"	"He"	"1s2"	"1S0"	"("	"9544.1817"	")"	"0.0010"	"L21139"	
"27"	"Co XXVII"	"+26"	"Cobalt"	"H"	"1s"	"2S<1/2>"	"("	"10012.1297"	")"	"0.0004"	"L19200"	
"28"	"Ni I"	"0"	"Nickel"	"Ni"	"[Ar].3d8.4s2"	"3F<4>"	""	"7.639878"	""	"0.000017"	"L12369"	
"28"	"Ni II"	"+1"	"Nickel"	"Co"	"[Ar].3d9"	"2D<5/2>"	""	"18.168838"	""	"0.000025"	"L7185,L897"	
"28"	"Ni III"	"+2"	"Nickel"	"Fe"	"[Ar].3d8"	"3F<4>"	""	"35.187"	""	"0.019"	"L11049"	
"28"	"Ni IV"	"+3"	"Nickel"	"Mn"	"[Ar].3d7"	"4F<9/2>"	"["	"54.92"	"]"	"0.25"	"L7185,L241"	
"28"	"Ni V"	"+4"	"Nickel"	"Cr"	"[Ar].3d6"	"5D<4>"	"["	"76.06"	"]"	"0.06"	"L7185"	
"28"	"Ni VI"	"+5"	"Nickel"	"V"	"[Ar].3d5"	"6S<5/2>"	"["	"108.0"	"]"	"1.0"	"L7185,L241c99"	
"28"	"Ni VII"	"+6"	"Nickel"	"Ti"	"[Ar].3d4"	"5D0"	"("	"132.0"	")"	"2.0"	"L8672c99"	
"28"	"Ni VIII"	"+7"	"Nickel"	"Sc"	"[Ar].3d3"	"4F<3/2>"	"("	"162.0"	")"	"2.1"	"L8672c99"	
"28"	"Ni IX"	"+8"	"Nickel"	"Ca"	"[Ar].3d2"	"3F<2>"	"["	"193.2"	"]"	"0.5"	"L241c99"	
"28"	"Ni X"	"+9"	"Nickel"	"K"	"[Ar].3d"	"2D<3/2>"	"["	"224.7"	"]"	"0.5"	"L7185,L241c99"	
"28"	"Ni XI"	"+10"	"Nickel"	"Ar"	"[Ne].3s2.3p6"	"1S0"	"["	"319.5"	"]"	"0.7"	"L11770"	
"28"	"Ni XII"	"+11"	"Nickel"	"Cl"	"[Ne].3s2.3p5"	"2P*<3/2>"	"["	"351.6"	"]"	"0.3"	"L11770"	
"28"	"Ni XIII"	"+12"	"Nickel"	"S"	"[Ne].3s2.3p4"	"3P<2>"	"["	"384.5"	"]"	"0.5"	"L11770"	
"28"	"Ni XIV"	"+13"	"Nickel"	"P"	"[Ne].3s2.3p3"	"4S*<3/2>"	"["	"429.3"	"]"	"0.8"	"L11770"	
"28"	"Ni XV"	"+14"	"Nickel"	"Si"	"[Ne].3s2.3p2"	"3P0"	"["	"462.8"	"]"	"1.1"	"L11770"	
"28"	"Ni XVI"	"+15"	"Nickel"	"Al"	"[Ne].3s2.3p"	"2P*<1/2>"	"["	"495.4"	"]"	"1.7"	"L11770"	
"28"	"Ni XVII"	"+16"	"Nickel"	"Mg"	"[Ne].3s2"	"1S0"	"["	"571.07"	"]"	"0.12"	"L7185"	
"28"	"Ni XVIII"	"+17"	"Nickel"	"Na"	"[Ne].3s"	"2S<1/2>"	"["	"607.020"	"]"	"0.019"	"L11770"	
"28"	"Ni XIX"	"+18"	"Nickel"	"Ne"	"1s2.2s2.2p6"	"1S0"	""	"1540.1"	""	"0.5"	"L9858"	
"28"	"Ni XX"	"+19"	"Nickel"	"F"	"1s2.2s2.2p5"	"2P*<3/2>"	"["	"1646"	"]"	"3"	"L11770"	
"28"	"Ni XXI"	"+20"	"Nickel"	"O"	"1s2.2s2.2p4"	"3P<2>"	"["	"1758"	"]"	"4"	"L11770"	
"28"	"Ni XXII"	"+21"	"Nickel"	"N"	"1s2.2s2.2p3"	"4S*<3/2>"	"["	"1880"	"]"	"5"	"L11770"	
"28"	"Ni XXIII"	"+22"	"Nickel"	"C"	"1s2.2s2.2p2"	"3P0"	"["	"2008.1"	"]"	"1.3"	"L11770"	
"28"	"Ni XXIV"	"+23"	"Nickel"	"B"	"1s2.2s2.2p"	"2P*<1/2>"	"["	"2130.5"	"]"	"0.9"	"L11770"	
"28"	"Ni XXV"	"+24"	"Nickel"	"Be"	"1s2.2s2"	"1S0"	"["	"2295.6"	"]"	"2.1"	"L11770"	
"28"	"Ni XXVI"	"+25"	"Nickel"	"Li"	"1s2.2s"	"2S<1/2>"	"("	"2399.259"	")"	"0.007"	"L16264c99"	
"28"	"Ni XXVII"	"+26"	"Nickel"	"He"	"1s2"	"1S0"	"("	"10288.8848"	")"	"0.0010"	"L21139"	
"28"	"Ni XXVIII"	"+27"	"Nickel"	"H"	"1s"	"2S<1/2>"	"("	"10775.3948"	")"	"0.0004"	"L19200"	
"29"	"Cu I"	"0"	"Copper"	"Cu"	"[Ar].3d10.4s"	"2S<1/2>"	""	"7.726380"	""	"0.000004"	"L14897"	
"29"	"Cu II"	"+1"	"Copper"	"Ni"	"[Ar].3d10"	"1S0"	""	"20.29239"	""	"0.00006"	"L869,L19804"	
"29"	"Cu III"	"+2"	"Copper"	"Co"	"[Ar].3d9"	"2D<5/2>"	""	"36.841"	""	"0.012"	"L10559,L2987"	
"29"	"Cu IV"	"+3"	"Copper"	"Fe"	"[Ar].3d8"	"3F<4>"	"["	"57.38"	"]"	"0.05"	"L10559,L5144"	
"29"	"Cu V"	"+4"	"Copper"	"Mn"	"[Ar].3d7"	"4F<9/2>"	"["	"79.8"	"]"	"0.7"	"L10559,L241"	
"29"	"Cu VI"	"+5"	"Copper"	"Cr"	"[Ar].3d6"	"5D<4>"	"["	"103.0"	"]"	"1.0"	"L10559,L241"	
"29"	"Cu VII"	"+6"	"Copper"	"V"	"[Ar].3d5"	"6S<5/2>"	"["	"139.0"	"]"	"1.2"	"L10559,L241c99"	
"29"	"Cu VIII"	"+7"	"Copper"	"Ti"	"[Ar].3d4"	"5D0"	"("	"166.0"	")"	"2.1"	"L8672c99"	
"29"	"Cu IX"	"+8"	"Copper"	"Sc"	"[Ar].3d3"	"4F<3/2>"	"("	"198.0"	")"	"2.2"	"L8672c99"	
"29"	"Cu X"	"+9"	"Copper"	"Ca"	"[Ar].3d2"	"3F<2>"	"["	"232.2"	"]"	"0.5"	"L241c99"	
"29"	"Cu XI"	"+10"	"Copper"	"K"	"[Ar].3d"	"2D<3/2>"	""	"265.33"	""	"0.25"	"L10559"	
"29"	"Cu XII"	"+11"	"Copper"	"Ar"	"[Ne].3s2.3p6"	"1S0"	"["	"367.0"	"]"	"0.9"	"L11770"	
"29"	"Cu XIII"	"+12"	"Copper"	"Cl"	"[Ne].3s2.3p5"	"2P*<3/2>"	"["	"401.0"	"]"	"0.3"	"L11770"	
"29"	"Cu XIV"	"+13"	"Copper"	"S"	"[Ne].3s2.3p4"	"3P<2>"	"["	"436.0"	"]"	"0.6"	"L11770"	
"29"	"Cu XV"	"+14"	"Copper"	"P"	"[Ne].3s2.3p3"	"4S*<3/2>"	"["	"483.1"	"]"	"0.9"	"L11770"	
"29"	"Cu XVI"	"+15"	"Copper"	"Si"	"[Ne].3s2.3p2"	"3P0"	"["	"518.7"	"]"	"1.2"	"L11770"	
"29"	"Cu XVII"	"+16"	"Copper"	"Al"	"[Ne].3s2.3p"	"2P*<1/2>"	"["	"552.8"	"]"	"2.1"	"L11770"	
"29"	"Cu XVIII"	"+17"	"Copper"	"Mg"	"[Ne].3s2"	"1S0"	"["	"632.5"	"]"	"0.6"	"L11770"	
"29"	"Cu XIX"	"+18"	"Copper"	"Na"	"[Ne].3s"	"2S<1/2>"	"["	"670.608"	"]"	"0.020"	"L11770"	
"29"	"Cu XX"	"+19"	"Copper"	"Ne"	"1s2.2s2.2p6"	"1S0"	"["	"1690.5"	"]"	"0.9"	"L11770"	
"29"	"Cu XXI"	"+20"	"Copper"	"F"	"1s2.2s2.2p5"	"2P*<3/2>"	"["	"1800"	"]"	"3"	"L11770"	
"29"	"Cu XXII"	"+21"	"Copper"	"O"	"1s2.2s2.2p4"	"3P<2>"	"["	"1918"	"]"	"4"	"L11770"	
"29"	"Cu XXIII"	"+22"	"Copper"	"N"	"1s2.2s2.2p3"	"4S*<3/2>"	"["	"2044"	"]"	"6"	"L11770"	
"29"	"Cu XXIV"	"+23"	"Copper"	"C"	"1s2.2s2.2p2"	"3P0"	"["	"2179.4"	"]"	"1.5"	"L11770"	
"29"	"Cu XXV"	"+24"	"Copper"	"B"	"1s2.2s2.2p"	"2P*<1/2>"	"["	"2307.3"	"]"	"1.0"	"L11770"	
"29"	"Cu XXVI"	"+25"	"Copper"	"Be"	"1s2.2s2"	"1S0"	"["	"2479.1"	"]"	"2.2"	"L11770"	
"29"	"Cu XXVII"	"+26"	"Copper"	"Li"	"1s2.2s"	"2S<1/2>"	"("	"2586.954"	")"	"0.007"	"L16264c99"	
"29"	"Cu XXVIII"	"+27"	"Copper"	"He"	"1s2"	"1S0"	"("	"11062.4309"	")"	"0.0011"	"L21139"	
"29"	"Cu XXIX"	"+28"	"Copper"	"H"	"1s"	"2S<1/2>"	"("	"11567.6237"	")"	"0.0005"	"L19200"	
"30"	"Zn I"	"0"	"Zinc"	"Zn"	"[Ar].3d10.4s2"	"1S0"	""	"9.394197"	""	"0.000006"	"L13951"	
"30"	"Zn II"	"+1"	"Zinc"	"Cu"	"[Ar].3d10.4s"	"2S<1/2>"	""	"17.96439"	""	"0.00025"	"L9171,L640"	
"30"	"Zn III"	"+2"	"Zinc"	"Ni"	"[Ar].3d10"	"1S0"	""	"39.72330"	""	"0.00012"	"L9171,L65"	
"30"	"Zn IV"	"+3"	"Zinc"	"Co"	"[Ar].3d9"	"2D<5/2>"	""	"59.573"	""	"0.019"	"L9171,L6389"	
"30"	"Zn V"	"+4"	"Zinc"	"Fe"	"[Ar].3d8"	"3F<4>"	"["	"82.6"	"]"	"0.9"	"L9171,L241"	
"30"	"Zn VI"	"+5"	"Zinc"	"Mn"	"[Ar].3d7"	"4F<9/2>"	"["	"108.0"	"]"	"1.0"	"L9171,L241"	
"30"	"Zn VII"	"+6"	"Zinc"	"Cr"	"[Ar].3d6"	"5D<4>"	"["	"133.9"	"]"	"1.2"	"L9171,L241"	
"30"	"Zn VIII"	"+7"	"Zinc"	"V"	"[Ar].3d5"	"6S<5/2>"	"["	"173.9"	"]"	"1.7"	"L9171,L241c99"	
"30"	"Zn IX"	"+8"	"Zinc"	"Ti"	"[Ar].3d4"	"5D0"	"["	"203.0"	"]"	"2.0"	"L9171,L241"	
"30"	"Zn X"	"+9"	"Zinc"	"Sc"	"[Ar].3d3"	"4F<3/2>"	"("	"238.0"	")"	"2.2"	"L8672c99"	
"30"	"Zn XI"	"+10"	"Zinc"	"Ca"	"[Ar].3d2"	"3F<2>"	"["	"274.4"	"]"	"0.5"	"L241c99"	
"30"	"Zn XII"	"+11"	"Zinc"	"K"	"[Ar].3d"	"2D<3/2>"	"["	"310.8"	"]"	"1.0"	"L9171"	
"30"	"Zn XIII"	"+12"	"Zinc"	"Ar"	"[Ne].3s2.3p6"	"1S0"	"["	"417.6"	"]"	"1.2"	"L11770"	
"30"	"Zn XIV"	"+13"	"Zinc"	"Cl"	"[Ne].3s2.3p5"	"2P*<3/2>"	"["	"453.4"	"]"	"0.3"	"L11770"	
"30"	"Zn XV"	"+14"	"Zinc"	"S"	"[Ne].3s2.3p4"	"3P<2>"	"["	"490.6"	"]"	"0.6"	"L11770"	
"30"	"Zn XVI"	"+15"	"Zinc"	"P"	"[Ne].3s2.3p3"	"4S*<3/2>"	"["	"540.0"	"]"	"1.0"	"L11770"	
"30"	"Zn XVII"	"+16"	"Zinc"	"Si"	"[Ne].3s2.3p2"	"3P0"	"["	"577.8"	"]"	"1.3"	"L11770"	
"30"	"Zn XVIII"	"+17"	"Zinc"	"Al"	"[Ne].3s2.3p"	"2P*<1/2>"	"["	"613.3"	"]"	"2.4"	"L11770"	
"30"	"Zn XIX"	"+18"	"Zinc"	"Mg"	"[Ne].3s2"	"1S0"	"["	"697.5"	"]"	"0.7"	"L11770"	
"30"	"Zn XX"	"+19"	"Zinc"	"Na"	"[Ne].3s"	"2S<1/2>"	"["	"737.366"	"]"	"0.021"	"L11770"	
"30"	"Zn XXI"	"+20"	"Zinc"	"Ne"	"1s2.2s2.2p6"	"1S0"	"["	"1846.8"	"]"	"1.0"	"L11770"	
"30"	"Zn XXII"	"+21"	"Zinc"	"F"	"1s2.2s2.2p5"	"2P*<3/2>"	"["	"1961"	"]"	"3"	"L11770"	
"30"	"Zn XXIII"	"+22"	"Zinc"	"O"	"1s2.2s2.2p4"	"3P<2>"	"["	"2085"	"]"	"5"	"L11770"	
"30"	"Zn XXIV"	"+23"	"Zinc"	"N"	"1s2.2s2.2p3"	"4S*<3/2>"	"["	"2214"	"]"	"8"	"L11770"	
"30"	"Zn XXV"	"+24"	"Zinc"	"C"	"1s2.2s2.2p2"	"3P0"	"["	"2358.0"	"]"	"1.6"	"L11770"	
"30"	"Zn XXVI"	"+25"	"Zinc"	"B"	"1s2.2s2.2p"	"2P*<1/2>"	"["	"2491.5"	"]"	"1.1"	"L11770"	
"30"	"Zn XXVII"	"+26"	"Zinc"	"Be"	"1s2.2s2"	"1S0"	"["	"2669.9"	"]"	"2.5"	"L11770"	
"30"	"Zn XXVIII"	"+27"	"Zinc"	"Li"	"1s2.2s"	"2S<1/2>"	"("	"2781.996"	")"	"0.007"	"L16264c99"	
"30"	"Zn XXIX"	"+28"	"Zinc"	"He"	"1s2"	"1S0"	"("	"11864.9401"	")"	"0.0014"	"L21139"	
"30"	"Zn XXX"	"+29"	"Zinc"	"H"	"1s"	"2S<1/2>"	"("	"12388.9427"	")"	"0.0006"	"L19200"	
"31"	"Ga I"	"0"	"Gallium"	"Ga"	"[Ar].3d10.4s2.4p"	"2P*<1/2>"	""	"5.9993020"	""	"0.0000012"	"L5566"	
"31"	"Ga II"	"+1"	"Gallium"	"Zn"	"[Ar].3d10.4s2"	"1S0"	""	"20.51514"	""	"0.00012"	"L6473"	
"31"	"Ga III"	"+2"	"Gallium"	"Cu"	"[Ar].3d10.4s"	"2S<1/2>"	""	"30.72576"	""	"0.00025"	"L6636"	
"31"	"Ga IV"	"+3"	"Gallium"	"Ni"	"[Ar].3d10"	"1S0"	""	"63.241"	""	"0.009"	"L12180,L17779"	
"31"	"Ga V"	"+4"	"Gallium"	"Co"	"[Ar].3d9"	"2D<5/2>"	"["	"86.01"	"]"	"0.12"	"L12180"	
"31"	"Ga VI"	"+5"	"Gallium"	"Fe"	"[Ar].3d8"	"3F<4>"	"("	"112.7"	")"	"1.1"	"L12180"	
"31"	"Ga VII"	"+6"	"Gallium"	"Mn"	"[Ar].3d7"	"4F<9/2>"	"("	"140.8"	")"	"1.4"	"L12180"	
"31"	"Ga VIII"	"+7"	"Gallium"	"Cr"	"[Ar].3d6"	"5D<4>"	"("	"169.9"	")"	"1.7"	"L12180"	
"31"	"Ga IX"	"+8"	"Gallium"	"V"	"[Ar].3d5"	"6S<5/2>"	"("	"211.0"	")"	"2.2"	"L8672c99"	
"31"	"Ga X"	"+9"	"Gallium"	"Ti"	"[Ar].3d4"	"5D0"	"("	"244.0"	")"	"2.5"	"L12180"	
"31"	"Ga XI"	"+10"	"Gallium"	"Sc"	"[Ar].3d3"	"4F<3/2>"	"("	"280.0"	")"	"2.4"	"L8672c99"	
"31"	"Ga XII"	"+11"	"Gallium"	"Ca"	"[Ar].3d2"	"3F<2>"	"("	"319.0"	")"	"2.5"	"L8672c99"	
"31"	"Ga XIII"	"+12"	"Gallium"	"K"	"[Ar].3d"	"2D<3/2>"	"("	"356"	")"	"3"	"L8672c99"	
"31"	"Ga XIV"	"+13"	"Gallium"	"Ar"	"[Ne].3s2.3p6"	"1S0"	"["	"471.2"	"]"	"1.4"	"L11770"	
"31"	"Ga XV"	"+14"	"Gallium"	"Cl"	"[Ne].3s2.3p5"	"2P*<3/2>"	"["	"508.8"	"]"	"0.4"	"L11770"	
"31"	"Ga XVI"	"+15"	"Gallium"	"S"	"[Ne].3s2.3p4"	"3P<2>"	"["	"548.3"	"]"	"0.7"	"L11770"	
"31"	"Ga XVII"	"+16"	"Gallium"	"P"	"[Ne].3s2.3p3"	"4S*<3/2>"	"["	"599.8"	"]"	"1.4"	"L11770"	
"31"	"Ga XVIII"	"+17"	"Gallium"	"Si"	"[Ne].3s2.3p2"	"3P0"	"["	"640.0"	"]"	"1.5"	"L11770"	
"31"	"Ga XIX"	"+18"	"Gallium"	"Al"	"[Ne].3s2.3p"	"2P*<1/2>"	"["	"677"	"]"	"3"	"L11770"	
"31"	"Ga XX"	"+19"	"Gallium"	"Mg"	"[Ne].3s2"	"1S0"	"["	"765.7"	"]"	"0.9"	"L11770"	
"31"	"Ga XXI"	"+20"	"Gallium"	"Na"	"[Ne].3s"	"2S<1/2>"	"["	"807.308"	"]"	"0.025"	"L11770"	
"31"	"Ga XXII"	"+21"	"Gallium"	"Ne"	"1s2.2s2.2p6"	"1S0"	"["	"2010.0"	"]"	"1.1"	"L11770"	
"31"	"Ga XXIII"	"+22"	"Gallium"	"F"	"1s2.2s2.2p5"	"2P*<3/2>"	"["	"2129"	"]"	"4"	"L11770"	
"31"	"Ga XXIV"	"+23"	"Gallium"	"O"	"1s2.2s2.2p4"	"3P<2>"	"["	"2258"	"]"	"5"	"L11770"	
"31"	"Ga XXV"	"+24"	"Gallium"	"N"	"1s2.2s2.2p3"	"4S*<3/2>"	"["	"2391"	"]"	"18"	"L11770"	
"31"	"Ga XXVI"	"+25"	"Gallium"	"C"	"1s2.2s2.2p2"	"3P0"	"["	"2543.9"	"]"	"2.0"	"L11770"	
"31"	"Ga XXVII"	"+26"	"Gallium"	"B"	"1s2.2s2.2p"	"2P*<1/2>"	"["	"2683.0"	"]"	"1.4"	"L11770"	
"31"	"Ga XXVIII"	"+27"	"Gallium"	"Be"	"1s2.2s2"	"1S0"	"["	"2868"	"]"	"3"	"L11770"	
"31"	"Ga XXIX"	"+28"	"Gallium"	"Li"	"1s2.2s"	"2S<1/2>"	"("	"2984.426"	")"	"0.007"	"L16264c99"	
"31"	"Ga XXX"	"+29"	"Gallium"	"He"	"1s2"	"1S0"	"("	"12696.5581"	")"	"0.0016"	"L21139"	
"31"	"Ga XXXI"	"+30"	"Gallium"	"H"	"1s"	"2S<1/2>"	"("	"13239.5029"	")"	"0.0007"	"L19200"	
"32"	"Ge I"	"0"	"Germanium"	"Ge"	"[Ar].3d10.4s2.4p2"	"3P0"	""	"7.899435"	""	"0.000012"	"L3935,L12369"	
"32"	"Ge II"	"+1"	"Germanium"	"Ga"	"[Ar].3d10.4s2.4p"	"2P*<1/2>"	""	"15.934610"	""	"0.000025"	"L7213"	
"32"	"Ge III"	"+2"	"Germanium"	"Zn"	"[Ar].3d10.4s2"	"1S0"	""	"34.0576"	""	"0.0012"	"L7213,L11268"	
"32"	"Ge IV"	"+3"	"Germanium"	"Cu"	"[Ar].3d10.4s"	"2S<1/2>"	""	"45.7155"	""	"0.0012"	"L7213,L6924"	
"32"	"Ge V"	"+4"	"Germanium"	"Ni"	"[Ar].3d10"	"1S0"	""	"90.500"	""	"0.019"	"L7213,L17779"	
"32"	"Ge VI"	"+5"	"Germanium"	"Co"	"[Ar].3d9"	"2D<5/2>"	"["	"115.90"	"]"	"0.12"	"L7213"	
"32"	"Ge VII"	"+6"	"Germanium"	"Fe"	"[Ar].3d8"	"3F<4>"	"("	"144.9"	")"	"1.5"	"L7213"	
"32"	"Ge VIII"	"+7"	"Germanium"	"Mn"	"[Ar].3d7"	"4F<9/2>"	"("	"176.4"	")"	"1.7"	"L7213"	
"32"	"Ge IX"	"+8"	"Germanium"	"Cr"	"[Ar].3d6"	"5D<4>"	"("	"212.5"	")"	"2.1"	"L7213"	
"32"	"Ge X"	"+9"	"Germanium"	"V"	"[Ar].3d5"	"6S<5/2>"	"("	"252.1"	")"	"2.2"	"L8672c99"	
"32"	"Ge XI"	"+10"	"Germanium"	"Ti"	"[Ar].3d4"	"5D0"	"("	"286"	")"	"3"	"L7213"	
"32"	"Ge XII"	"+11"	"Germanium"	"Sc"	"[Ar].3d3"	"4F<3/2>"	"("	"326.0"	")"	"2.5"	"L8672c99"	
"32"	"Ge XIII"	"+12"	"Germanium"	"Ca"	"[Ar].3d2"	"3F<2>"	"("	"367"	")"	"3"	"L8672c99"	
"32"	"Ge XIV"	"+13"	"Germanium"	"K"	"[Ar].3d"	"2D<3/2>"	"("	"407"	")"	"3"	"L8672c99"	
"32"	"Ge XV"	"+14"	"Germanium"	"Ar"	"[Ne].3s2.3p6"	"1S0"	"["	"527.9"	"]"	"1.6"	"L11770"	
"32"	"Ge XVI"	"+15"	"Germanium"	"Cl"	"[Ne].3s2.3p5"	"2P*<3/2>"	"["	"567.3"	"]"	"0.5"	"L11770"	
"32"	"Ge XVII"	"+16"	"Germanium"	"S"	"[Ne].3s2.3p4"	"3P<2>"	"["	"609.1"	"]"	"0.8"	"L11770"	
"32"	"Ge XVIII"	"+17"	"Germanium"	"P"	"[Ne].3s2.3p3"	"4S*<3/2>"	"["	"662.8"	"]"	"1.9"	"L11770"	
"32"	"Ge XIX"	"+18"	"Germanium"	"Si"	"[Ne].3s2.3p2"	"3P0"	"["	"706.7"	"]"	"1.0"	"L7213"	
"32"	"Ge XX"	"+19"	"Germanium"	"Al"	"[Ne].3s2.3p"	"2P*<1/2>"	"["	"744"	"]"	"3"	"L11770"	
"32"	"Ge XXI"	"+20"	"Germanium"	"Mg"	"[Ne].3s2"	"1S0"	"["	"837.1"	"]"	"1.0"	"L11770"	
"32"	"Ge XXII"	"+21"	"Germanium"	"Na"	"[Ne].3s"	"2S<1/2>"	"["	"880.44"	"]"	"0.03"	"L11770"	
"32"	"Ge XXIII"	"+22"	"Germanium"	"Ne"	"1s2.2s2.2p6"	"1S0"	""	"2178.2"	""	"0.4"	"L9858"	
"32"	"Ge XXIV"	"+23"	"Germanium"	"F"	"1s2.2s2.2p5"	"2P*<3/2>"	"["	"2304"	"]"	"4"	"L11770"	
"32"	"Ge XXV"	"+24"	"Germanium"	"O"	"1s2.2s2.2p4"	"3P<2>"	"["	"2439"	"]"	"5"	"L11770"	
"32"	"Ge XXVI"	"+25"	"Germanium"	"N"	"1s2.2s2.2p3"	"4S*<3/2>"	"["	"2575"	"]"	"19"	"L11770"	
"32"	"Ge XXVII"	"+26"	"Germanium"	"C"	"1s2.2s2.2p2"	"3P0"	"["	"2737.1"	"]"	"2.3"	"L11770"	
"32"	"Ge XXVIII"	"+27"	"Germanium"	"B"	"1s2.2s2.2p"	"2P*<1/2>"	"["	"2881.9"	"]"	"1.6"	"L11770"	
"32"	"Ge XXIX"	"+28"	"Germanium"	"Be"	"1s2.2s2"	"1S0"	"["	"3074"	"]"	"3"	"L11770"	
"32"	"Ge XXX"	"+29"	"Germanium"	"Li"	"1s2.2s"	"2S<1/2>"	"("	"3194.293"	")"	"0.007"	"L16264c99"	
"32"	"Ge XXXI"	"+30"	"Germanium"	"He"	"1s2"	"1S0"	"("	"13557.4218"	")"	"0.0019"	"L21139"	
"32"	"Ge XXXII"	"+31"	"Germanium"	"H"	"1s"	"2S<1/2>"	"("	"14119.4457"	")"	"0.0009"	"L19200"	
"33"	"As I"	"0"	"Arsenic"	"As"	"[Ar].3d10.4s2.4p3"	"4S*<3/2>"	""	"9.78855"	""	"0.00025"	"L1351"	
"33"	"As II"	"+1"	"Arsenic"	"Ge"	"[Ar].3d10.4s2.4p2"	"3P0"	""	"18.5892"	""	"0.0010"	"L820"	
"33"	"As III"	"+2"	"Arsenic"	"Ga"	"[Ar].3d10.4s2.4p"	"2P*<1/2>"	""	"28.349"	""	"0.012"	"L9358"	
"33"	"As IV"	"+3"	"Arsenic"	"Zn"	"[Ar].3d10.4s2"	"1S0"	""	"50.15"	""	"0.06"	"L9358"	
"33"	"As V"	"+4"	"Arsenic"	"Cu"	"[Ar].3d10.4s"	"2S<1/2>"	""	"62.77"	""	"0.06"	"L5339"	
"33"	"As VI"	"+5"	"Arsenic"	"Ni"	"[Ar].3d10"	"1S0"	""	"121.19"	""	"0.06"	"L11275"	
"33"	"As VII"	"+6"	"Arsenic"	"Co"	"[Ar].3d9"	"2D<5/2>"	"("	"147.0"	")"	"2.0"	"L8672c99"	
"33"	"As VIII"	"+7"	"Arsenic"	"Fe"	"[Ar].3d8"	"3F<4>"	"("	"180.0"	")"	"2.1"	"L8672c99"	
"33"	"As IX"	"+8"	"Arsenic"	"Mn"	"[Ar].3d7"	"4F<9/2>"	"("	"213.0"	")"	"2.2"	"L8672c99"	
"33"	"As X"	"+9"	"Arsenic"	"Cr"	"[Ar].3d6"	"5D<4>"	"("	"247.0"	")"	"2.2"	"L8672c99"	
"33"	"As XI"	"+10"	"Arsenic"	"V"	"[Ar].3d5"	"6S<5/2>"	"("	"296.0"	")"	"2.4"	"L8672c99"	
"33"	"As XII"	"+11"	"Arsenic"	"Ti"	"[Ar].3d4"	"5D0"	"("	"333.0"	")"	"2.5"	"L8672c99"	
"33"	"As XIII"	"+12"	"Arsenic"	"Sc"	"[Ar].3d3"	"4F<3/2>"	"("	"375"	")"	"3"	"L8672c99"	
"33"	"As XIV"	"+13"	"Arsenic"	"Ca"	"[Ar].3d2"	"3F<2>"	"("	"418"	")"	"3"	"L8672c99"	
"33"	"As XV"	"+14"	"Arsenic"	"K"	"[Ar].3d"	"2D<3/2>"	"("	"460"	")"	"3"	"L8672c99"	
"33"	"As XVI"	"+15"	"Arsenic"	"Ar"	"[Ne].3s2.3p6"	"1S0"	"["	"587.6"	"]"	"1.9"	"L11770"	
"33"	"As XVII"	"+16"	"Arsenic"	"Cl"	"[Ne].3s2.3p5"	"2P*<3/2>"	"["	"628.8"	"]"	"0.6"	"L11770"	
"33"	"As XVIII"	"+17"	"Arsenic"	"S"	"[Ne].3s2.3p4"	"3P<2>"	"["	"672.9"	"]"	"0.9"	"L11770"	
"33"	"As XIX"	"+18"	"Arsenic"	"P"	"[Ne].3s2.3p3"	"4S*<3/2>"	"["	"728.9"	"]"	"2.2"	"L11770"	
"33"	"As XX"	"+19"	"Arsenic"	"Si"	"[Ne].3s2.3p2"	"3P0"	"["	"774.0"	"]"	"1.8"	"L11770"	
"33"	"As XXI"	"+20"	"Arsenic"	"Al"	"[Ne].3s2.3p"	"2P*<1/2>"	"["	"814"	"]"	"4"	"L11770"	
"33"	"As XXII"	"+21"	"Arsenic"	"Mg"	"[Ne].3s2"	"1S0"	"["	"911.7"	"]"	"1.1"	"L11770"	
"33"	"As XXIII"	"+22"	"Arsenic"	"Na"	"[Ne].3s"	"2S<1/2>"	"["	"956.79"	"]"	"0.03"	"L11770"	
"33"	"As XXIV"	"+23"	"Arsenic"	"Ne"	"1s2.2s2.2p6"	"1S0"	"["	"2356.9"	"]"	"1.4"	"L11770"	
"33"	"As XXV"	"+24"	"Arsenic"	"F"	"1s2.2s2.2p5"	"2P*<3/2>"	"["	"2486"	"]"	"4"	"L11770"	
"33"	"As XXVI"	"+25"	"Arsenic"	"O"	"1s2.2s2.2p4"	"3P<2>"	"["	"2626"	"]"	"6"	"L11770"	
"33"	"As XXVII"	"+26"	"Arsenic"	"N"	"1s2.2s2.2p3"	"4S*<3/2>"	"["	"2766"	"]"	"21"	"L11770"	
"33"	"As XXVIII"	"+27"	"Arsenic"	"C"	"1s2.2s2.2p2"	"3P0"	"["	"2938"	"]"	"3"	"L11770"	
"33"	"As XXIX"	"+28"	"Arsenic"	"B"	"1s2.2s2.2p"	"2P*<1/2>"	"["	"3088.1"	"]"	"1.9"	"L11770"	
"33"	"As XXX"	"+29"	"Arsenic"	"Be"	"1s2.2s2"	"1S0"	"["	"3287"	"]"	"3"	"L11770"	
"33"	"As XXXI"	"+30"	"Arsenic"	"Li"	"1s2.2s"	"2S<1/2>"	"("	"3411.643"	")"	"0.007"	"L16264c99"	
"33"	"As XXXII"	"+31"	"Arsenic"	"He"	"1s2"	"1S0"	"("	"14447.6799"	")"	"0.0025"	"L21139"	
"33"	"As XXXIII"	"+32"	"Arsenic"	"H"	"1s"	"2S<1/2>"	"("	"15028.9251"	")"	"0.0010"	"L19200"	
"34"	"Se I"	"0"	"Selenium"	"Se"	"[Ar].3d10.4s2.4p4"	"3P<2>"	""	"9.752368"	""	"0.000006"	"L21645"	
"34"	"Se II"	"+1"	"Selenium"	"As"	"[Ar].3d10.4s2.4p3"	"4S*<3/2>"	""	"21.196"	""	"0.010"	"L17234c100"	
"34"	"Se III"	"+2"	"Selenium"	"Ge"	"[Ar].3d10.4s2.4p2"	"3P0"	""	"31.697"	""	"0.019"	"L17867"	
"34"	"Se IV"	"+3"	"Selenium"	"Ga"	"[Ar].3d10.4s2.4p"	"2P*<1/2>"	""	"42.947"	""	"0.003"	"L925"	
"34"	"Se V"	"+4"	"Selenium"	"Zn"	"[Ar].3d10.4s2"	"1S0"	"["	"68.30"	"]"	"0.10"	"L16139"	
"34"	"Se VI"	"+5"	"Selenium"	"Cu"	"[Ar].3d10.4s"	"2S<1/2>"	""	"81.83"	""	"0.03"	"L4300"	
"34"	"Se VII"	"+6"	"Selenium"	"Ni"	"[Ar].3d10"	"1S0"	""	"155.327"	""	"0.012"	"L6168"	
"34"	"Se VIII"	"+7"	"Selenium"	"Co"	"[Ar].3d9"	"2D<5/2>"	"("	"184.0"	")"	"2.1"	"L8672c99"	
"34"	"Se IX"	"+8"	"Selenium"	"Fe"	"[Ar].3d8"	"3F<4>"	"("	"219.0"	")"	"2.2"	"L8672c99"	
"34"	"Se X"	"+9"	"Selenium"	"Mn"	"[Ar].3d7"	"4F<9/2>"	"("	"255.0"	")"	"2.2"	"L8672c99"	
"34"	"Se XI"	"+10"	"Selenium"	"Cr"	"[Ar].3d6"	"5D<4>"	"("	"291.0"	")"	"2.4"	"L8672c99"	
"34"	"Se XII"	"+11"	"Selenium"	"V"	"[Ar].3d5"	"6S<5/2>"	"("	"342.9"	")"	"2.5"	"L8672c99"	
"34"	"Se XIII"	"+12"	"Selenium"	"Ti"	"[Ar].3d4"	"5D0"	"("	"383"	")"	"3"	"L8672c99"	
"34"	"Se XIV"	"+13"	"Selenium"	"Sc"	"[Ar].3d3"	"4F<3/2>"	"("	"426"	")"	"3"	"L8672c99"	
"34"	"Se XV"	"+14"	"Selenium"	"Ca"	"[Ar].3d2"	"3F<2>"	"("	"473"	")"	"3"	"L8672c99"	
"34"	"Se XVI"	"+15"	"Selenium"	"K"	"[Ar].3d"	"2D<3/2>"	"("	"517"	")"	"3"	"L8672c99"	
"34"	"Se XVII"	"+16"	"Selenium"	"Ar"	"[Ne].3s2.3p6"	"1S0"	"["	"650.5"	"]"	"2.1"	"L11770"	
"34"	"Se XVIII"	"+17"	"Selenium"	"Cl"	"[Ne].3s2.3p5"	"2P*<3/2>"	"["	"693.4"	"]"	"0.7"	"L11770"	
"34"	"Se XIX"	"+18"	"Selenium"	"S"	"[Ne].3s2.3p4"	"3P<2>"	"["	"739.8"	"]"	"1.1"	"L11770"	
"34"	"Se XX"	"+19"	"Selenium"	"P"	"[Ne].3s2.3p3"	"4S*<3/2>"	"["	"798"	"]"	"3"	"L11770"	
"34"	"Se XXI"	"+20"	"Selenium"	"Si"	"[Ne].3s2.3p2"	"3P0"	"["	"845.8"	"]"	"2.0"	"L11770"	
"34"	"Se XXII"	"+21"	"Selenium"	"Al"	"[Ne].3s2.3p"	"2P*<1/2>"	"["	"887"	"]"	"4"	"L11770"	
"34"	"Se XXIII"	"+22"	"Selenium"	"Mg"	"[Ne].3s2"	"1S0"	"["	"989.6"	"]"	"1.3"	"L11770"	
"34"	"Se XXIV"	"+23"	"Selenium"	"Na"	"[Ne].3s"	"2S<1/2>"	"["	"1036.36"	"]"	"0.03"	"L11770"	
"34"	"Se XXV"	"+24"	"Selenium"	"Ne"	"1s2.2s2.2p6"	"1S0"	"["	"2540.7"	"]"	"1.4"	"L11770"	
"34"	"Se XXVI"	"+25"	"Selenium"	"F"	"1s2.2s2.2p5"	"2P*<3/2>"	"["	"2674"	"]"	"5"	"L11770"	
"34"	"Se XXVII"	"+26"	"Selenium"	"O"	"1s2.2s2.2p4"	"3P<2>"	"["	"2820"	"]"	"6"	"L11770"	
"34"	"Se XXVIII"	"+27"	"Selenium"	"N"	"1s2.2s2.2p3"	"4S*<3/2>"	"["	"2964"	"]"	"22"	"L11770"	
"34"	"Se XXIX"	"+28"	"Selenium"	"C"	"1s2.2s2.2p2"	"3P0"	"["	"3146"	"]"	"3"	"L11770"	
"34"	"Se XXX"	"+29"	"Selenium"	"B"	"1s2.2s2.2p"	"2P*<1/2>"	"["	"3301.8"	"]"	"2.1"	"L11770"	
"34"	"Se XXXI"	"+30"	"Selenium"	"Be"	"1s2.2s2"	"1S0"	"["	"3507"	"]"	"3"	"L11770"	
"34"	"Se XXXII"	"+31"	"Selenium"	"Li"	"1s2.2s"	"2S<1/2>"	"("	"3636.526"	")"	"0.007"	"L16264c99"	
"34"	"Se XXXIII"	"+32"	"Selenium"	"He"	"1s2"	"1S0"	"("	"15367.493"	")"	"0.003"	"L21139"	
"34"	"Se XXXIV"	"+33"	"Selenium"	"H"	"1s"	"2S<1/2>"	"("	"15968.1075"	")"	"0.0012"	"L19200"	
"35"	"Br I"	"0"	"Bromine"	"Br"	"[Ar].3d10.4s2.4p5"	"2P*<3/2>"	""	"11.81381"	""	"0.00006"	"L351,L67"	
"35"	"Br II"	"+1"	"Bromine"	"Se"	"[Ar].3d10.4s2.4p4"	"3P<2>"	""	"21.591"	""	""	"L8844"	
"35"	"Br III"	"+2"	"Bromine"	"As"	"[Ar].3d10.4s2.4p3"	"4S*<3/2>"	""	"34.871"	""	"0.019"	"L19007"	
"35"	"Br IV"	"+3"	"Bromine"	"Ge"	"[Ar].3d10.4s2.4p2"	"3P0"	""	"47.782"	""	"0.012"	"L18581"	
"35"	"Br V"	"+4"	"Bromine"	"Ga"	"[Ar].3d10.4s2.4p"	"2P*<1/2>"	""	"59.595"	""	"0.025"	"L14906"	
"35"	"Br VI"	"+5"	"Bromine"	"Zn"	"[Ar].3d10.4s2"	"1S0"	""	"87.390"	""	"0.025"	"L18281"	
"35"	"Br VII"	"+6"	"Bromine"	"Cu"	"[Ar].3d10.4s"	"2S<1/2>"	"["	"103.03"	"]"	"0.19"	"L10278"	
"35"	"Br VIII"	"+7"	"Bromine"	"Ni"	"[Ar].3d10"	"1S0"	""	"192.61"	""	"0.06"	"L6586"	
"35"	"Br IX"	"+8"	"Bromine"	"Co"	"[Ar].3d9"	"2D<5/2>"	"("	"224.0"	")"	"2.2"	"L8672c99"	
"35"	"Br X"	"+9"	"Bromine"	"Fe"	"[Ar].3d8"	"3F<4>"	"("	"261.0"	")"	"2.2"	"L8672c99"	
"35"	"Br XI"	"+10"	"Bromine"	"Mn"	"[Ar].3d7"	"4F<9/2>"	"("	"301.0"	")"	"2.4"	"L8672c99"	
"35"	"Br XII"	"+11"	"Bromine"	"Cr"	"[Ar].3d6"	"5D<4>"	"("	"338.0"	")"	"2.5"	"L8672c99"	
"35"	"Br XIII"	"+12"	"Bromine"	"V"	"[Ar].3d5"	"6S<5/2>"	"("	"393"	")"	"3"	"L8672c99"	
"35"	"Br XIV"	"+13"	"Bromine"	"Ti"	"[Ar].3d4"	"5D0"	"("	"436"	")"	"3"	"L8672c99"	
"35"	"Br XV"	"+14"	"Bromine"	"Sc"	"[Ar].3d3"	"4F<3/2>"	"("	"481"	")"	"3"	"L8672c99"	
"35"	"Br XVI"	"+15"	"Bromine"	"Ca"	"[Ar].3d2"	"3F<2>"	"("	"530"	")"	"3"	"L8672c99"	
"35"	"Br XVII"	"+16"	"Bromine"	"K"	"[Ar].3d"	"2D<3/2>"	"("	"577"	")"	"3"	"L8672c99"	
"35"	"Br XVIII"	"+17"	"Bromine"	"Ar"	"[Ne].3s2.3p6"	"1S0"	"["	"716.3"	"]"	"2.3"	"L11770"	
"35"	"Br XIX"	"+18"	"Bromine"	"Cl"	"[Ne].3s2.3p5"	"2P*<3/2>"	"["	"761.0"	"]"	"0.8"	"L11770"	
"35"	"Br XX"	"+19"	"Bromine"	"S"	"[Ne].3s2.3p4"	"3P<2>"	"["	"809.8"	"]"	"1.2"	"L11770"	
"35"	"Br XXI"	"+20"	"Bromine"	"P"	"[Ne].3s2.3p3"	"4S*<3/2>"	"["	"870"	"]"	"3"	"L11770"	
"35"	"Br XXII"	"+21"	"Bromine"	"Si"	"[Ne].3s2.3p2"	"3P0"	"["	"920.8"	"]"	"2.2"	"L11770"	
"35"	"Br XXIII"	"+22"	"Bromine"	"Al"	"[Ne].3s2.3p"	"2P*<1/2>"	"["	"963"	"]"	"5"	"L11770"	
"35"	"Br XXIV"	"+23"	"Bromine"	"Mg"	"[Ne].3s2"	"1S0"	"["	"1070.6"	"]"	"1.4"	"L11770"	
"35"	"Br XXV"	"+24"	"Bromine"	"Na"	"[Ne].3s"	"2S<1/2>"	"["	"1119.17"	"]"	"0.04"	"L11770"	
"35"	"Br XXVI"	"+25"	"Bromine"	"Ne"	"1s2.2s2.2p6"	"1S0"	"["	"2731.4"	"]"	"1.5"	"L11770"	
"35"	"Br XXVII"	"+26"	"Bromine"	"F"	"1s2.2s2.2p5"	"2P*<3/2>"	"["	"2869"	"]"	"5"	"L11770"	
"35"	"Br XXVIII"	"+27"	"Bromine"	"O"	"1s2.2s2.2p4"	"3P<2>"	"["	"3021"	"]"	"7"	"L11770"	
"35"	"Br XXIX"	"+28"	"Bromine"	"N"	"1s2.2s2.2p3"	"4S*<3/2>"	"["	"3169"	"]"	"24"	"L11770"	
"35"	"Br XXX"	"+29"	"Bromine"	"C"	"1s2.2s2.2p2"	"3P0"	"["	"3361"	"]"	"3"	"L11770"	
"35"	"Br XXXI"	"+30"	"Bromine"	"B"	"1s2.2s2.2p"	"2P*<1/2>"	"["	"3523.1"	"]"	"2.2"	"L11770"	
"35"	"Br XXXII"	"+31"	"Bromine"	"Be"	"1s2.2s2"	"1S0"	"["	"3735"	"]"	"4"	"L11770"	
"35"	"Br XXXIII"	"+32"	"Bromine"	"Li"	"1s2.2s"	"2S<1/2>"	"("	"3868.986"	")"	"0.007"	"L16264c99"	
"35"	"Br XXXIV"	"+33"	"Bromine"	"He"	"1s2"	"1S0"	"("	"16317.014"	")"	"0.004"	"L21139"	
"35"	"Br XXXV"	"+34"	"Bromine"	"H"	"1s"	"2S<1/2>"	"("	"16937.1497"	")"	"0.0015"	"L19200"	
"36"	"Kr I"	"0"	"Krypton"	"Kr"	"[Ar].3d10.4s2.4p6"	"1S0"	""	"13.9996055"	""	"0.0000020"	"L12196"	
"36"	"Kr II"	"+1"	"Krypton"	"Br"	"[Ar].3d10.4s2.4p5"	"2P*<3/2>"	""	"24.35984"	""	"0.00012"	"L7212,L353"	
"36"	"Kr III"	"+2"	"Krypton"	"Se"	"[Ar].3d10.4s2.4p4"	"3P<2>"	""	"35.838"	""	"0.020"	"L15467"	
"36"	"Kr IV"	"+3"	"Krypton"	"As"	"[Ar].3d10.4s2.4p3"	"4S*<3/2>"	""	"50.85"	""	"0.11"	"L9022c101"	
"36"	"Kr V"	"+4"	"Krypton"	"Ge"	"[Ar].3d10.4s2.4p2"	"3P0"	"["	"64.69"	"]"	"0.20"	"L12196,L16139"	
"36"	"Kr VI"	"+5"	"Krypton"	"Ga"	"[Ar].3d10.4s2.4p"	"2P*<1/2>"	"["	"78.49"	"]"	"0.20"	"L12196,L16139"	
"36"	"Kr VII"	"+6"	"Krypton"	"Zn"	"[Ar].3d10.4s2"	"1S0"	"("	"109.13"	")"	"0.05"	"L13202"	
"36"	"Kr VIII"	"+7"	"Krypton"	"Cu"	"[Ar].3d10.4s"	"2S<1/2>"	""	"125.802"	""	"0.003"	"L10636"	
"36"	"Kr IX"	"+8"	"Krypton"	"Ni"	"[Ar].3d10"	"1S0"	"["	"233.0"	"]"	"0.7"	"L10191"	
"36"	"Kr X"	"+9"	"Krypton"	"Co"	"[Ar].3d9"	"2D<5/2>"	"("	"268"	")"	"3"	"L7212"	
"36"	"Kr XI"	"+10"	"Krypton"	"Fe"	"[Ar].3d8"	"3F<4>"	"("	"308"	")"	"3"	"L7212"	
"36"	"Kr XII"	"+11"	"Krypton"	"Mn"	"[Ar].3d7"	"4F<9/2>"	"("	"350"	")"	"3"	"L7212"	
"36"	"Kr XIII"	"+12"	"Krypton"	"Cr"	"[Ar].3d6"	"5D<4>"	"("	"391"	")"	"4"	"L7212"	
"36"	"Kr XIV"	"+13"	"Krypton"	"V"	"[Ar].3d5"	"6S<5/2>"	"("	"446"	")"	"3"	"L8672c99"	
"36"	"Kr XV"	"+14"	"Krypton"	"Ti"	"[Ar].3d4"	"5D0"	"("	"492"	")"	"5"	"L12196"	
"36"	"Kr XVI"	"+15"	"Krypton"	"Sc"	"[Ar].3d3"	"4F<3/2>"	"("	"540"	")"	"3"	"L8672c99"	
"36"	"Kr XVII"	"+16"	"Krypton"	"Ca"	"[Ar].3d2"	"3F<2>"	"("	"591"	")"	"3"	"L8672c99"	
"36"	"Kr XVIII"	"+17"	"Krypton"	"K"	"[Ar].3d"	"2D<3/2>"	"("	"640"	")"	"3"	"L8672c99"	
"36"	"Kr XIX"	"+18"	"Krypton"	"Ar"	"[Ne].3s2.3p6"	"1S0"	"["	"785.316"	"]"	"0.012"	"L11770"	
"36"	"Kr XX"	"+19"	"Krypton"	"Cl"	"[Ne].3s2.3p5"	"2P*<3/2>"	"["	"831.6"	"]"	"0.9"	"L11770"	
"36"	"Kr XXI"	"+20"	"Krypton"	"S"	"[Ne].3s2.3p4"	"3P<2>"	"["	"882.8"	"]"	"1.3"	"L11770"	
"36"	"Kr XXII"	"+21"	"Krypton"	"P"	"[Ne].3s2.3p3"	"4S*<3/2>"	"["	"945"	"]"	"3"	"L11770"	
"36"	"Kr XXIII"	"+22"	"Krypton"	"Si"	"[Ne].3s2.3p2"	"3P0"	"["	"999.0"	"]"	"2.4"	"L11770"	
"36"	"Kr XXIV"	"+23"	"Krypton"	"Al"	"[Ne].3s2.3p"	"2P*<1/2>"	"["	"1042"	"]"	"5"	"L11770"	
"36"	"Kr XXV"	"+24"	"Krypton"	"Mg"	"[Ne].3s2"	"1S0"	"["	"1155.0"	"]"	"1.6"	"L11770"	
"36"	"Kr XXVI"	"+25"	"Krypton"	"Na"	"[Ne].3s"	"2S<1/2>"	"["	"1205.23"	"]"	"0.04"	"L11770"	
"36"	"Kr XXVII"	"+26"	"Krypton"	"Ne"	"1s2.2s2.2p6"	"1S0"	"["	"2928.9"	"]"	"1.7"	"L11770"	
"36"	"Kr XXVIII"	"+27"	"Krypton"	"F"	"1s2.2s2.2p5"	"2P*<3/2>"	"["	"3072"	"]"	"5"	"L11770"	
"36"	"Kr XXIX"	"+28"	"Krypton"	"O"	"1s2.2s2.2p4"	"3P<2>"	"["	"3228"	"]"	"7"	"L11770"	
"36"	"Kr XXX"	"+29"	"Krypton"	"N"	"1s2.2s2.2p3"	"4S*<3/2>"	"["	"3380"	"]"	"30"	"L11770"	
"36"	"Kr XXXI"	"+30"	"Krypton"	"C"	"1s2.2s2.2p2"	"3P0"	"["	"3584"	"]"	"4"	"L11770"	
"36"	"Kr XXXII"	"+31"	"Krypton"	"B"	"1s2.2s2.2p"	"2P*<1/2>"	"["	"3752.0"	"]"	"2.5"	"L11770"	
"36"	"Kr XXXIII"	"+32"	"Krypton"	"Be"	"1s2.2s2"	"1S0"	"["	"3971"	"]"	"4"	"L11770"	
"36"	"Kr XXXIV"	"+33"	"Krypton"	"Li"	"1s2.2s"	"2S<1/2>"	"("	"4109.083"	")"	"0.009"	"L16264c99"	
"36"	"Kr XXXV"	"+34"	"Krypton"	"He"	"1s2"	"1S0"	"("	"17296.424"	")"	"0.004"	"L21139"	
"36"	"Kr XXXVI"	"+35"	"Krypton"	"H"	"1s"	"2S<1/2>"	"("	"17936.2405"	")"	"0.0016"	"L19200"	
Notes:
(a) Designations used in the ground shell lists:
     [Ne] = 1s2.2s2.2p6
     [Ar] = 1s2.2s2.2p6.3s2.3p6
(b) Uncertainties of some of the listed values are unknown. 

